FECHA,N1,N2,N3,N4,N5,N6,COMPLEMENTARIO,REINTEGRO
13/11/2022,,,,,,,,
12/11/2022,,,,,,,,
11/11/2022,1,2,5,9,36,40,27,3
10/11/2022,5,16,20,34,40,46,41,0
9/11/2022,8,13,14,20,23,30,26,6
8/11/2022,1,18,20,21,46,48,33,4
7/11/2022,2,11,27,36,41,47,25,3
6/11/2022,2,10,21,23,28,36,35,8
5/11/2022,13,19,21,30,32,38,6,2
4/11/2022,7,16,18,27,35,48,39,3
3/11/2022,3,6,18,22,39,46,42,3
2/11/2022,8,9,24,27,46,47,30,2
1/11/2022,5,14,23,32,39,46,28,6
31/10/2022,4,27,29,35,45,48,31,4
30/10/2022,5,13,35,38,41,47,4,2
29/10/2022,4,9,12,21,23,24,47,9
28/10/2022,6,17,19,34,38,45,16,7
27/10/2022,3,12,14,20,24,42,7,3
26/10/2022,3,7,18,22,34,46,42,7
25/10/2022,5,12,13,19,32,48,40,0
24/10/2022,14,29,33,35,38,46,40,8
23/10/2022,20,24,28,29,31,44,25,0
22/10/2022,1,8,15,21,39,42,45,9
21/10/2022,8,14,19,28,38,48,49,3
20/10/2022,10,24,30,34,47,48,14,7
19/10/2022,5,9,13,17,37,39,24,0
18/10/2022,12,20,23,29,33,37,34,8
17/10/2022,3,4,7,18,33,37,9,7
16/10/2022,1,9,16,29,30,33,49,0
15/10/2022,17,19,26,35,43,44,48,4
14/10/2022,12,15,26,34,42,46,4,0
13/10/2022,11,15,16,18,22,24,39,6
12/10/2022,6,16,22,28,45,47,3,8
11/10/2022,14,15,23,28,35,43,38,4
10/10/2022,3,35,37,43,45,47,36,1
9/10/2022,1,4,12,14,23,33,43,5
8/10/2022,16,21,23,27,40,47,48,8
7/10/2022,14,16,18,29,39,46,1,0
6/10/2022,11,21,37,42,43,46,16,4
5/10/2022,12,18,28,33,34,46,22,4
4/10/2022,18,21,25,40,42,46,33,5
3/10/2022,7,9,21,31,41,49,48,9
2/10/2022,1,17,18,19,29,35,22,8
1/10/2022,15,18,39,42,45,49,48,7
30/09/2022,2,16,32,44,45,49,36,8
29/09/2022,10,18,20,27,32,43,35,0
28/09/2022,4,7,16,20,27,47,38,1
27/09/2022,14,17,25,31,39,46,7,8
26/09/2022,2,20,23,29,41,47,1,3
25/09/2022,12,14,29,35,37,39,10,7
24/09/2022,9,11,19,27,32,39,35,9
23/09/2022,7,15,18,22,33,37,30,7
22/09/2022,18,26,31,37,40,44,29,0
21/09/2022,3,8,9,20,22,49,41,4
20/09/2022,4,24,26,28,37,46,41,1
19/09/2022,1,5,14,16,22,32,30,6
17/09/2022,8,19,22,34,40,44,31,0
16/09/2022,1,3,11,20,21,31,34,8
15/09/2022,7,16,18,28,37,38,29,5
14/09/2022,9,10,11,13,16,45,23,6
13/09/2022,9,26,38,44,45,46,29,0
12/09/2022,18,19,29,34,36,41,16,9
10/09/2022,4,11,21,28,39,46,35,0
9/09/2022,20,26,27,38,45,49,16,7
8/09/2022,13,14,27,30,33,49,5,1
7/09/2022,1,16,17,20,40,45,4,8
6/09/2022,6,14,25,28,35,42,45,7
5/09/2022,28,30,33,39,47,48,20,1
3/09/2022,2,15,19,33,41,42,7,0
2/09/2022,15,18,22,23,31,44,25,6
1/09/2022,4,19,27,36,40,48,8,8
31/08/2022,1,5,8,25,28,40,22,0
30/08/2022,11,24,29,38,44,45,26,5
29/08/2022,8,18,26,44,48,49,40,8
27/08/2022,10,27,40,41,44,45,43,3
26/08/2022,9,20,33,42,46,48,5,2
25/08/2022,6,19,35,41,43,47,17,8
24/08/2022,3,9,15,28,43,46,38,0
23/08/2022,2,8,17,22,36,47,44,9
22/08/2022,1,12,13,30,32,36,15,5
20/08/2022,25,31,35,45,46,49,14,7
19/08/2022,6,8,15,18,31,45,37,7
18/08/2022,3,4,8,13,27,33,22,4
17/08/2022,1,3,4,19,20,22,16,9
16/08/2022,4,6,13,16,35,39,1,5
15/08/2022,1,3,24,35,45,48,10,3
13/08/2022,10,11,12,14,15,28,17,4
12/08/2022,6,7,8,10,22,48,3,8
11/08/2022,3,12,21,23,34,45,40,6
10/08/2022,4,20,35,39,46,49,16,2
9/08/2022,9,16,19,29,35,36,5,4
8/08/2022,11,12,15,25,27,48,2,7
6/08/2022,17,25,32,34,37,39,14,1
5/08/2022,4,15,37,40,48,49,47,0
4/08/2022,3,4,5,18,20,39,27,3
3/08/2022,2,3,4,17,18,28,45,0
2/08/2022,6,16,30,32,37,39,35,9
1/08/2022,3,4,5,23,25,35,45,7
30/07/2022,8,17,26,33,37,42,25,0
29/07/2022,12,17,22,26,31,37,43,2
28/07/2022,8,14,37,40,42,45,31,1
27/07/2022,3,6,13,14,26,30,16,0
26/07/2022,7,20,25,28,33,42,35,7
25/07/2022,18,28,30,35,42,44,29,7
23/07/2022,2,6,8,20,41,46,29,7
22/07/2022,2,10,11,23,44,47,21,8
21/07/2022,8,15,18,21,25,49,17,2
20/07/2022,1,15,17,25,37,48,18,5
19/07/2022,9,27,34,42,46,49,4,2
18/07/2022,10,20,28,30,46,48,5,9
16/07/2022,14,15,27,35,39,40,24,4
15/07/2022,2,10,22,33,38,46,13,8
14/07/2022,2,20,25,28,30,49,12,8
13/07/2022,21,26,30,41,47,49,22,1
12/07/2022,1,4,5,23,34,36,24,0
11/07/2022,2,5,20,24,31,49,37,0
9/07/2022,4,31,41,43,44,48,32,1
8/07/2022,1,12,23,24,38,42,14,6
7/07/2022,9,13,15,17,35,40,47,0
6/07/2022,15,20,23,33,34,49,13,7
5/07/2022,18,21,29,36,42,46,44,2
4/07/2022,1,10,25,37,45,49,39,5
2/07/2022,2,18,22,31,40,41,28,3
1/07/2022,8,11,13,15,21,31,46,1
30/06/2022,18,22,24,31,36,37,1,8
29/06/2022,11,17,21,30,34,36,41,2
28/06/2022,13,14,17,24,32,41,1,2
27/06/2022,4,23,29,30,44,45,22,2
25/06/2022,3,19,20,22,25,36,46,6
24/06/2022,1,18,20,22,33,41,49,0
23/06/2022,1,11,17,24,28,35,41,0
22/06/2022,1,14,16,27,34,49,2,6
21/06/2022,2,22,28,40,42,49,47,8
20/06/2022,10,21,28,29,36,45,12,8
18/06/2022,9,32,37,43,44,46,28,7
17/06/2022,11,27,29,31,34,35,44,3
16/06/2022,6,11,28,32,33,43,36,4
15/06/2022,2,6,13,24,32,39,31,2
14/06/2022,16,18,20,22,30,33,9,1
13/06/2022,9,20,31,39,42,49,17,7
11/06/2022,26,28,31,32,41,43,20,5
10/06/2022,6,15,18,38,41,42,27,2
9/06/2022,3,7,8,10,24,44,2,7
8/06/2022,24,33,43,45,48,49,29,0
7/06/2022,1,13,14,28,39,44,12,7
6/06/2022,5,12,29,31,33,38,11,3
4/06/2022,23,38,40,43,47,49,36,9
3/06/2022,3,8,16,22,29,41,24,4
2/06/2022,6,8,13,35,40,45,20,1
1/06/2022,2,3,5,16,27,39,8,2
31/05/2022,4,8,13,38,40,47,36,5
30/05/2022,2,3,7,14,17,25,31,1
28/05/2022,6,18,20,34,37,40,22,1
27/05/2022,8,13,19,45,46,48,14,9
26/05/2022,1,10,16,24,26,30,12,8
25/05/2022,5,6,9,12,33,39,4,2
24/05/2022,3,7,20,26,33,40,5,1
23/05/2022,2,3,13,30,37,47,41,6
21/05/2022,6,10,11,21,34,48,44,1
20/05/2022,3,7,10,21,26,31,48,6
19/05/2022,12,17,27,28,44,47,5,1
18/05/2022,1,5,13,20,38,41,16,8
17/05/2022,1,4,22,24,30,34,38,2
16/05/2022,9,16,29,44,46,47,48,2
14/05/2022,4,23,27,31,38,45,22,6
13/05/2022,9,12,25,32,36,49,3,7
12/05/2022,10,18,19,23,36,37,2,7
11/05/2022,2,11,27,32,35,40,24,4
10/05/2022,4,5,12,32,39,40,7,4
9/05/2022,1,16,17,26,39,46,7,3
7/05/2022,4,8,20,23,38,44,11,7
6/05/2022,5,16,17,28,38,43,18,8
5/05/2022,6,12,20,25,27,45,48,3
4/05/2022,12,18,20,32,41,43,6,2
3/05/2022,30,35,37,40,42,44,29,0
2/05/2022,2,4,22,23,31,33,43,8
30/04/2022,6,18,26,31,34,48,16,4
29/04/2022,7,9,10,25,29,49,34,3
28/04/2022,5,30,35,37,43,45,16,0
27/04/2022,2,4,5,14,25,40,3,5
26/04/2022,8,12,15,25,26,40,41,6
25/04/2022,4,17,26,28,34,41,37,0
23/04/2022,15,16,21,35,42,48,1,8
22/04/2022,17,26,38,39,41,47,42,4
21/04/2022,8,9,13,18,23,25,45,3
20/04/2022,12,18,27,30,34,35,16,3
19/04/2022,6,14,24,25,29,40,34,3
18/04/2022,15,21,22,32,36,43,28,0
16/04/2022,3,23,24,25,33,45,48,7
15/04/2022,3,9,13,31,33,36,43,4
14/04/2022,7,12,16,39,45,48,37,0
13/04/2022,8,15,22,27,37,42,46,7
12/04/2022,12,20,22,27,32,33,46,5
11/04/2022,12,13,16,29,40,45,2,0
9/04/2022,7,9,16,21,31,40,28,9
8/04/2022,1,8,26,27,41,47,28,7
7/04/2022,1,6,11,25,29,46,38,5
6/04/2022,9,16,21,32,35,36,42,7
5/04/2022,7,8,18,27,40,45,46,0
4/04/2022,3,4,25,39,40,42,11,5
2/04/2022,1,22,28,32,47,48,19,3
1/04/2022,6,15,19,28,30,49,36,1
31/03/2022,1,4,10,30,38,40,19,7
30/03/2022,5,21,30,33,41,43,17,2
29/03/2022,18,26,32,36,37,45,3,8
28/03/2022,1,8,9,16,24,42,14,4
26/03/2022,1,3,20,23,36,41,34,6
25/03/2022,17,21,24,29,30,46,3,7
24/03/2022,2,7,22,34,35,37,24,0
23/03/2022,7,22,23,30,31,46,32,3
22/03/2022,6,17,28,31,35,45,33,5
21/03/2022,17,19,34,36,41,44,31,2
19/03/2022,3,16,23,31,39,43,7,3
18/03/2022,9,10,15,22,46,49,42,3
17/03/2022,9,25,34,39,45,46,28,8
16/03/2022,2,8,10,16,30,44,35,7
15/03/2022,21,25,35,47,48,49,3,7
14/03/2022,11,13,26,32,37,44,47,2
12/03/2022,6,8,10,16,18,38,48,5
11/03/2022,9,23,26,28,41,44,8,5
10/03/2022,10,16,30,39,40,46,44,0
9/03/2022,6,10,17,30,36,41,15,8
8/03/2022,7,8,20,34,39,40,33,4
7/03/2022,4,18,31,38,45,49,16,1
5/03/2022,17,25,29,33,48,49,31,5
4/03/2022,8,17,18,27,37,45,49,6
3/03/2022,3,7,26,32,46,49,8,5
2/03/2022,5,10,14,25,33,46,6,3
1/03/2022,6,10,24,34,42,47,41,7
28/02/2022,2,8,17,18,19,36,40,3
26/02/2022,17,19,22,40,42,48,28,8
25/02/2022,1,13,24,28,40,45,7,8
24/02/2022,1,11,22,35,43,47,33,9
23/02/2022,4,8,9,17,22,49,32,7
22/02/2022,6,7,17,18,21,36,3,5
21/02/2022,7,13,17,32,35,37,19,6
19/02/2022,2,11,16,20,31,37,42,2
18/02/2022,3,25,30,32,39,45,37,8
17/02/2022,5,18,23,25,33,40,43,8
16/02/2022,5,25,36,38,39,48,19,2
15/02/2022,4,6,12,23,36,49,2,9
14/02/2022,9,18,23,36,38,44,20,4
12/02/2022,8,25,29,31,42,45,17,8
11/02/2022,8,23,27,34,44,45,15,5
10/02/2022,10,22,29,30,37,38,20,5
9/02/2022,15,22,24,33,38,40,23,7
8/02/2022,1,2,3,8,10,30,39,0
7/02/2022,6,21,24,27,44,45,28,7
5/02/2022,7,16,25,26,27,36,34,3
4/02/2022,6,8,22,35,39,47,30,3
3/02/2022,8,9,10,32,40,42,47,8
2/02/2022,3,6,7,31,32,40,27,6
1/02/2022,11,16,20,30,45,49,32,8
31/01/2022,2,28,33,37,45,48,44,2
29/01/2022,6,8,13,21,22,46,11,7
28/01/2022,1,2,13,24,35,46,23,8
27/01/2022,9,25,28,35,41,49,43,0
26/01/2022,1,8,25,29,30,46,36,0
25/01/2022,9,15,22,39,40,47,42,9
24/01/2022,5,20,25,27,43,46,4,7
22/01/2022,1,27,30,31,40,45,29,1
21/01/2022,1,8,10,11,25,44,3,7
20/01/2022,11,12,15,23,24,34,42,5
19/01/2022,7,10,16,35,39,42,47,4
18/01/2022,5,18,24,27,28,37,8,1
17/01/2022,3,4,14,18,35,47,17,2
15/01/2022,8,14,20,37,38,47,1,3
14/01/2022,4,25,38,39,47,49,16,3
13/01/2022,14,19,21,26,42,45,28,1
12/01/2022,17,19,26,31,35,48,43,9
11/01/2022,6,13,21,35,42,47,22,4
10/01/2022,2,4,17,37,45,47,44,1
8/01/2022,3,13,14,20,32,34,40,7
7/01/2022,16,19,27,28,36,48,33,3
6/01/2022,1,6,9,12,18,25,27,6
5/01/2022,6,8,19,32,43,47,4,7
4/01/2022,3,7,8,12,20,48,31,0
3/01/2022,2,3,9,32,38,49,39,1
1/01/2022,16,22,29,33,47,48,44,3
31/12/2021,12,18,25,28,36,44,30,9
30/12/2021,3,10,18,37,47,48,33,9
29/12/2021,3,13,15,25,37,43,34,0
28/12/2021,8,16,24,29,36,39,14,0
27/12/2021,5,8,14,20,37,40,10,8
25/12/2021,4,7,24,30,32,45,25,3
24/12/2021,3,26,31,40,42,47,41,1
23/12/2021,2,21,29,32,33,41,19,7
22/12/2021,10,19,20,37,45,46,15,7
21/12/2021,3,26,29,33,36,44,12,6
20/12/2021,2,9,34,36,41,49,3,0
18/12/2021,4,11,16,27,32,48,24,2
17/12/2021,8,16,30,32,44,49,15,5
16/12/2021,8,10,19,27,31,40,36,1
15/12/2021,8,11,38,39,41,42,7,0
14/12/2021,3,12,14,17,25,32,6,8
13/12/2021,3,5,29,30,45,46,38,7
11/12/2021,4,10,12,13,15,26,43,4
10/12/2021,6,12,31,32,35,43,24,7
9/12/2021,2,14,28,30,38,48,42,1
8/12/2021,14,16,38,40,41,43,2,7
7/12/2021,8,18,26,39,44,46,12,8
6/12/2021,6,35,39,40,44,47,29,4
4/12/2021,4,22,26,32,37,41,38,8
3/12/2021,6,21,24,28,44,45,27,5
2/12/2021,1,16,23,25,41,47,43,9
1/12/2021,3,6,17,18,30,39,13,1
30/11/2021,1,3,17,19,23,35,48,2
29/11/2021,10,25,34,35,43,46,37,6
27/11/2021,9,11,12,27,31,41,5,4
26/11/2021,15,18,33,34,45,49,10,7
25/11/2021,4,28,39,43,48,49,7,3
24/11/2021,5,34,35,38,45,48,30,9
23/11/2021,10,23,32,41,45,48,12,7
22/11/2021,7,9,19,25,29,34,35,8
20/11/2021,1,14,19,20,22,37,28,1
19/11/2021,8,27,32,37,45,48,42,6
18/11/2021,1,5,10,11,27,42,34,1
17/11/2021,10,15,27,32,40,48,8,3
16/11/2021,4,27,30,36,45,49,2,5
15/11/2021,16,27,31,37,42,45,21,3
13/11/2021,2,3,5,7,17,40,30,8
12/11/2021,24,38,39,41,44,45,16,5
11/11/2021,20,21,22,31,32,44,4,7
10/11/2021,5,23,26,27,40,46,41,3
9/11/2021,9,21,25,37,38,47,19,5
8/11/2021,4,20,36,39,44,46,32,7
6/11/2021,11,12,16,29,32,35,43,2
5/11/2021,7,16,26,35,39,44,5,1
4/11/2021,3,6,26,28,30,40,34,7
3/11/2021,3,7,10,11,19,44,16,6
2/11/2021,4,13,14,25,36,44,20,0
1/11/2021,18,28,31,34,36,39,48,0
30/10/2021,19,27,32,42,43,48,40,4
29/10/2021,3,7,14,26,29,34,32,2
28/10/2021,1,2,3,11,23,30,6,1
27/10/2021,2,7,15,31,32,39,13,3
26/10/2021,1,31,34,35,37,48,10,3
25/10/2021,3,6,9,32,41,49,44,9
23/10/2021,2,4,10,21,24,31,37,3
22/10/2021,3,12,14,19,47,49,22,3
21/10/2021,19,22,27,30,33,45,44,2
20/10/2021,6,19,20,21,32,38,35,2
19/10/2021,23,25,30,33,36,38,5,7
18/10/2021,6,12,14,27,31,37,20,4
16/10/2021,3,22,25,30,34,43,44,9
15/10/2021,3,15,16,37,43,47,5,9
14/10/2021,8,13,20,35,38,46,5,2
13/10/2021,7,17,23,27,42,46,5,3
12/10/2021,8,16,24,28,41,48,34,2
11/10/2021,7,9,10,17,20,26,25,6
9/10/2021,5,7,11,26,40,46,20,8
8/10/2021,1,13,20,23,31,43,44,8
7/10/2021,11,16,28,29,32,45,30,4
6/10/2021,7,13,14,31,32,49,29,9
5/10/2021,1,16,27,33,44,46,14,2
4/10/2021,2,13,16,29,33,45,34,4
2/10/2021,4,18,21,24,26,49,28,3
1/10/2021,3,16,21,28,39,49,35,4
30/09/2021,14,15,29,36,42,46,4,2
29/09/2021,15,31,35,42,43,48,17,4
28/09/2021,10,11,21,27,34,39,30,1
27/09/2021,3,9,13,16,39,42,18,9
25/09/2021,11,23,24,32,39,46,1,8
24/09/2021,4,7,8,20,25,37,15,6
23/09/2021,1,6,7,14,28,31,15,7
22/09/2021,6,16,20,25,28,43,17,1
21/09/2021,2,7,13,21,30,48,25,8
20/09/2021,18,30,34,44,46,48,31,7
18/09/2021,10,19,23,25,29,30,22,2
17/09/2021,1,14,15,21,23,48,19,4
16/09/2021,8,23,26,32,34,44,48,8
15/09/2021,13,17,23,32,40,43,21,4
14/09/2021,1,6,12,37,45,47,9,8
13/09/2021,5,12,13,32,38,41,6,5
11/09/2021,4,6,19,21,25,32,44,1
10/09/2021,8,19,21,22,33,34,9,2
9/09/2021,1,5,6,27,28,30,18,8
8/09/2021,12,17,24,40,44,46,36,2
7/09/2021,1,11,21,26,32,37,22,4
6/09/2021,6,16,22,41,45,46,3,3
4/09/2021,12,22,27,37,40,49,41,9
3/09/2021,27,32,33,36,45,48,4,7
2/09/2021,21,23,25,28,38,41,24,9
1/09/2021,9,15,18,21,36,43,40,0
31/08/2021,6,18,20,24,41,43,23,7
30/08/2021,5,16,27,29,30,48,49,2
28/08/2021,6,8,12,38,39,40,11,2
27/08/2021,14,16,18,27,42,48,1,2
26/08/2021,1,6,19,20,23,33,48,5
25/08/2021,23,27,29,36,40,49,3,9
24/08/2021,3,8,11,20,30,36,9,8
23/08/2021,5,9,11,21,37,47,40,5
21/08/2021,2,14,15,19,21,31,30,3
20/08/2021,1,24,30,39,44,45,31,8
19/08/2021,6,8,12,25,29,39,23,7
18/08/2021,23,28,40,41,43,46,14,7
17/08/2021,6,31,34,35,37,41,48,8
16/08/2021,13,19,21,29,42,46,45,9
14/08/2021,8,9,21,25,28,29,45,1
13/08/2021,1,8,9,19,25,35,47,1
12/08/2021,16,17,18,26,36,37,1,9
11/08/2021,2,7,8,24,44,45,30,2
10/08/2021,8,9,18,20,24,29,37,2
9/08/2021,16,24,31,45,47,49,36,0
7/08/2021,1,5,8,18,21,46,3,4
6/08/2021,2,16,23,26,35,38,4,3
5/08/2021,1,8,9,13,16,45,14,6
4/08/2021,25,26,30,36,42,49,48,6
3/08/2021,8,9,18,36,43,44,5,4
2/08/2021,3,4,15,18,27,49,41,9
31/07/2021,20,28,33,39,42,49,31,8
30/07/2021,1,21,22,26,36,48,6,2
29/07/2021,13,16,21,29,41,47,17,6
28/07/2021,4,13,20,23,39,45,36,8
27/07/2021,9,14,19,23,25,44,13,3
26/07/2021,2,5,10,17,19,39,14,5
24/07/2021,3,11,17,21,47,48,19,4
23/07/2021,9,25,26,28,32,44,6,1
22/07/2021,8,23,24,27,48,49,2,5
21/07/2021,9,21,27,33,39,42,31,3
20/07/2021,8,15,38,40,42,43,39,0
19/07/2021,5,11,13,21,26,33,43,7
17/07/2021,1,27,28,40,42,45,26,8
16/07/2021,7,15,26,34,38,48,4,8
15/07/2021,6,10,15,35,38,49,34,8
14/07/2021,6,13,24,40,42,48,8,1
13/07/2021,7,12,21,23,27,30,8,7
12/07/2021,17,20,32,39,41,45,3,7
10/07/2021,2,17,20,24,28,48,19,2
9/07/2021,3,8,15,38,47,49,12,2
8/07/2021,5,15,16,22,29,47,24,7
7/07/2021,16,17,26,37,46,49,35,0
6/07/2021,17,20,22,27,31,46,38,2
5/07/2021,4,12,17,33,45,46,32,0
3/07/2021,6,12,15,18,22,27,38,4
2/07/2021,4,6,9,28,39,49,25,4
1/07/2021,5,13,33,34,38,44,32,4
30/06/2021,10,15,24,30,44,46,40,3
29/06/2021,5,7,15,29,31,44,36,8
28/06/2021,4,12,24,32,35,42,30,6
26/06/2021,13,23,30,33,44,46,37,3
25/06/2021,6,21,32,33,42,44,2,1
24/06/2021,4,10,17,21,37,40,45,2
23/06/2021,10,20,24,34,39,42,48,2
22/06/2021,8,13,14,17,23,45,24,1
21/06/2021,3,16,26,29,30,45,18,0
19/06/2021,25,27,28,32,33,40,15,9
18/06/2021,1,4,36,39,43,49,15,6
17/06/2021,6,12,33,45,47,48,7,9
16/06/2021,9,16,21,33,43,44,5,4
15/06/2021,20,23,31,35,39,49,4,6
14/06/2021,25,28,31,34,35,37,5,3
12/06/2021,2,5,8,19,21,33,7,8
11/06/2021,16,17,20,28,42,45,7,5
10/06/2021,4,6,8,11,27,44,18,2
9/06/2021,18,27,33,43,44,46,22,6
8/06/2021,1,3,4,20,33,35,24,4
7/06/2021,8,16,17,21,40,41,14,2
5/06/2021,8,18,25,40,41,44,47,3
4/06/2021,12,13,21,22,32,49,10,4
3/06/2021,6,25,34,40,47,48,3,1
2/06/2021,3,22,23,32,35,46,8,4
1/06/2021,1,11,12,20,23,44,32,6
31/05/2021,2,16,33,39,42,43,9,2
29/05/2021,11,14,16,17,28,49,33,0
28/05/2021,1,4,6,14,17,28,41,4
27/05/2021,8,23,27,33,40,43,11,7
26/05/2021,6,8,36,39,42,47,18,3
25/05/2021,2,11,18,25,43,49,38,2
24/05/2021,7,25,27,38,39,46,29,5
22/05/2021,13,28,35,40,42,43,12,2
21/05/2021,11,15,18,23,34,44,45,8
20/05/2021,2,8,17,22,36,49,18,5
19/05/2021,12,13,16,26,37,38,7,9
18/05/2021,5,17,20,26,28,32,23,3
17/05/2021,3,4,6,11,12,32,28,8
15/05/2021,6,18,35,42,47,48,3,1
14/05/2021,4,9,21,22,27,34,2,8
13/05/2021,7,10,18,26,27,28,40,9
12/05/2021,5,15,21,29,45,47,43,1
11/05/2021,9,17,18,19,20,26,42,9
10/05/2021,1,12,13,23,36,38,22,1
8/05/2021,5,6,15,16,34,36,7,7
7/05/2021,8,9,32,42,43,45,16,5
6/05/2021,3,8,19,20,25,42,23,3
5/05/2021,6,24,25,27,45,48,13,4
4/05/2021,8,16,19,23,40,45,43,7
3/05/2021,9,15,18,26,42,44,29,5
1/05/2021,9,16,18,19,22,41,29,5
30/04/2021,3,9,27,30,33,41,45,1
29/04/2021,1,19,23,28,37,43,24,1
28/04/2021,5,10,21,26,28,46,34,3
27/04/2021,5,10,11,13,34,46,8,9
26/04/2021,9,10,17,24,27,43,39,8
24/04/2021,8,23,25,31,43,44,24,6
23/04/2021,12,26,32,35,42,48,44,0
22/04/2021,5,18,19,20,26,44,9,4
21/04/2021,9,38,40,43,44,45,4,3
20/04/2021,5,9,12,23,37,47,6,2
19/04/2021,1,3,5,8,21,49,33,1
17/04/2021,16,27,32,33,46,48,10,4
16/04/2021,14,19,38,39,41,49,6,1
15/04/2021,1,15,21,35,36,41,27,5
14/04/2021,19,24,37,38,40,47,25,5
13/04/2021,7,11,18,19,38,45,23,7
12/04/2021,3,7,14,20,37,46,27,9
10/04/2021,8,9,19,24,34,40,49,7
9/04/2021,3,10,16,22,24,37,14,0
8/04/2021,5,37,38,39,46,48,15,3
7/04/2021,2,11,13,14,21,36,1,7
6/04/2021,9,19,34,37,39,42,32,3
5/04/2021,4,7,12,27,30,32,28,6
3/04/2021,2,16,17,27,36,45,39,6
2/04/2021,8,13,18,24,26,28,17,2
1/04/2021,12,14,25,28,34,46,5,2
31/03/2021,8,16,17,28,33,42,45,6
30/03/2021,3,11,23,29,44,49,46,0
29/03/2021,4,13,14,27,31,33,2,0
27/03/2021,2,10,16,20,36,45,34,1
26/03/2021,1,23,39,40,42,47,34,8
25/03/2021,6,7,8,13,32,37,49,4
24/03/2021,5,6,20,30,40,44,36,1
23/03/2021,4,6,38,44,45,48,21,5
22/03/2021,1,4,11,16,40,49,14,7
20/03/2021,4,13,14,28,33,47,40,7
19/03/2021,14,18,22,23,43,48,24,0
18/03/2021,4,10,12,42,44,45,8,0
17/03/2021,2,15,22,25,34,42,41,1
16/03/2021,13,14,23,32,42,45,7,3
15/03/2021,4,6,8,9,33,46,22,9
13/03/2021,1,2,8,9,27,41,45,2
12/03/2021,1,12,15,32,37,45,18,1
11/03/2021,3,4,8,24,34,49,10,6
10/03/2021,27,33,34,35,41,44,32,4
9/03/2021,5,6,19,23,26,40,43,9
8/03/2021,10,11,24,39,40,48,17,3
6/03/2021,3,25,26,34,40,44,13,4
5/03/2021,13,15,22,28,41,46,30,9
4/03/2021,12,22,24,27,41,46,9,4
3/03/2021,5,6,7,12,13,23,42,3
2/03/2021,3,15,16,27,28,39,33,2
1/03/2021,4,12,15,42,45,48,41,3
27/02/2021,8,9,12,39,42,45,34,3
26/02/2021,7,26,27,32,33,40,44,6
25/02/2021,3,12,26,37,43,45,32,2
24/02/2021,2,13,25,29,33,39,32,4
23/02/2021,6,19,32,38,44,47,4,5
22/02/2021,13,26,36,37,43,45,24,6
20/02/2021,4,23,24,27,34,36,25,6
19/02/2021,6,15,17,20,32,42,28,5
18/02/2021,1,8,32,36,39,41,11,8
17/02/2021,10,28,34,43,48,49,42,0
16/02/2021,4,15,22,33,38,41,35,0
15/02/2021,4,5,12,22,29,35,24,8
13/02/2021,4,6,11,14,17,35,1,1
12/02/2021,4,8,25,41,45,47,34,0
11/02/2021,8,12,22,31,33,38,24,7
10/02/2021,20,21,23,30,36,38,2,0
9/02/2021,10,15,25,26,29,41,6,0
8/02/2021,9,15,37,39,43,47,42,1
6/02/2021,5,16,19,23,25,28,37,7
5/02/2021,25,26,29,39,44,45,18,9
4/02/2021,3,6,13,21,24,43,39,5
3/02/2021,4,12,13,21,30,32,3,4
2/02/2021,1,9,18,21,37,48,38,0
1/02/2021,8,9,22,42,44,45,18,1
30/01/2021,7,10,19,26,32,39,18,3
29/01/2021,7,10,26,33,34,40,21,4
28/01/2021,4,10,13,41,43,47,15,3
27/01/2021,1,3,10,21,29,32,27,8
26/01/2021,3,7,26,32,35,41,20,9
25/01/2021,4,11,14,19,31,48,25,8
23/01/2021,1,11,30,37,48,49,6,9
22/01/2021,4,20,28,39,41,45,10,3
21/01/2021,11,13,19,25,31,49,23,1
20/01/2021,3,6,21,22,26,34,46,7
19/01/2021,16,23,24,33,36,47,27,2
18/01/2021,1,13,18,22,29,39,21,4
16/01/2021,6,9,35,36,39,46,47,8
15/01/2021,14,24,28,33,39,49,1,8
14/01/2021,7,14,27,43,45,47,21,9
13/01/2021,6,10,32,33,36,40,48,4
12/01/2021,23,25,30,37,45,47,9,2
11/01/2021,3,17,19,37,43,45,30,0
9/01/2021,7,11,18,30,31,35,49,6
8/01/2021,8,21,37,45,47,48,22,6
7/01/2021,1,7,12,30,38,49,21,2
6/01/2021,1,14,30,37,39,41,13,0
5/01/2021,2,24,33,38,47,49,26,0
4/01/2021,6,11,29,40,41,44,13,6
2/01/2021,2,20,32,36,38,40,33,5
1/01/2021,10,15,22,35,40,49,1,4
31/12/2020,9,12,18,25,28,45,2,5
30/12/2020,5,8,18,44,47,49,14,7
29/12/2020,4,15,18,27,33,34,41,4
28/12/2020,8,21,22,27,35,40,13,1
26/12/2020,4,7,14,22,36,37,1,4
25/12/2020,5,9,11,34,37,49,23,6
24/12/2020,16,18,23,33,38,42,37,6
23/12/2020,24,28,31,32,43,45,37,9
22/12/2020,5,7,12,26,29,41,42,3
21/12/2020,11,22,30,37,41,42,20,8
19/12/2020,3,27,31,32,43,47,9,4
18/12/2020,3,32,34,43,47,48,8,4
17/12/2020,7,12,14,28,30,42,39,5
16/12/2020,23,25,30,32,34,43,16,2
15/12/2020,32,36,37,38,43,45,14,8
14/12/2020,1,3,4,22,29,44,16,8
12/12/2020,2,4,5,16,32,48,29,5
11/12/2020,21,22,24,33,42,43,7,8
10/12/2020,2,15,16,19,33,46,47,3
9/12/2020,6,20,24,37,38,46,19,9
8/12/2020,4,7,13,15,42,48,45,4
7/12/2020,4,15,21,29,34,49,37,3
5/12/2020,9,21,32,35,40,49,46,1
4/12/2020,1,4,17,18,19,32,35,6
3/12/2020,5,8,15,30,33,35,1,5
2/12/2020,13,24,29,32,35,39,6,8
1/12/2020,3,15,37,41,46,49,34,7
30/11/2020,13,20,24,31,32,49,33,6
28/11/2020,6,10,14,22,42,44,21,6
27/11/2020,6,31,32,33,38,44,13,4
26/11/2020,13,18,20,40,44,46,15,9
25/11/2020,2,7,10,12,20,46,16,0
24/11/2020,2,16,26,31,39,47,23,7
23/11/2020,10,11,12,27,32,41,19,2
21/11/2020,10,14,15,18,34,41,44,7
20/11/2020,12,19,20,26,30,40,10,2
19/11/2020,8,14,21,27,36,42,48,4
18/11/2020,13,17,24,27,40,47,38,7
17/11/2020,12,15,27,34,46,47,33,1
16/11/2020,4,20,23,30,40,46,2,2
14/11/2020,3,11,12,13,45,47,24,9
13/11/2020,13,17,31,33,35,38,27,1
12/11/2020,5,17,20,23,29,32,2,1
11/11/2020,13,22,25,26,31,37,39,7
10/11/2020,12,23,25,27,34,44,28,0
9/11/2020,1,8,14,21,25,45,9,7
7/11/2020,17,20,22,30,41,43,16,9
6/11/2020,8,13,22,37,38,49,1,4
5/11/2020,9,15,17,31,38,39,5,2
4/11/2020,1,13,21,36,40,43,49,3
3/11/2020,11,13,17,28,33,41,16,1
2/11/2020,2,8,11,27,38,48,29,3
31/10/2020,10,11,13,23,39,41,5,6
30/10/2020,1,5,15,30,41,47,4,5
29/10/2020,8,11,24,29,30,39,15,9
28/10/2020,9,13,14,18,28,45,33,7
27/10/2020,3,6,21,31,33,39,9,9
26/10/2020,10,19,26,30,42,46,7,6
24/10/2020,7,14,18,24,38,49,25,1
23/10/2020,9,14,15,18,21,36,8,1
22/10/2020,1,4,5,16,23,43,15,0
21/10/2020,9,14,18,29,34,43,23,2
20/10/2020,5,8,10,17,28,46,4,7
19/10/2020,4,6,25,29,32,35,18,5
17/10/2020,10,18,27,34,41,42,29,8
16/10/2020,15,18,24,28,33,39,7,8
15/10/2020,2,15,31,32,38,42,28,9
14/10/2020,3,8,19,25,34,37,7,6
13/10/2020,21,26,33,34,39,41,46,8
12/10/2020,30,39,40,45,46,49,3,4
10/10/2020,11,13,20,25,30,37,15,7
9/10/2020,4,26,33,36,41,46,44,5
8/10/2020,6,11,23,30,44,48,39,5
7/10/2020,5,7,10,27,37,48,17,3
6/10/2020,8,11,26,37,45,48,33,8
5/10/2020,5,17,21,28,29,35,25,6
3/10/2020,2,13,20,36,44,47,7,4
2/10/2020,4,6,9,24,29,49,37,7
1/10/2020,4,5,22,25,27,31,3,0
30/09/2020,5,8,16,33,37,39,38,2
29/09/2020,2,5,31,43,47,49,15,5
28/09/2020,2,3,13,36,41,45,21,9
26/09/2020,1,8,17,27,39,40,7,4
25/09/2020,2,20,32,41,42,45,33,9
24/09/2020,2,5,26,36,41,44,43,0
23/09/2020,3,13,18,23,37,48,47,2
22/09/2020,4,6,18,19,33,39,3,2
21/09/2020,11,13,21,33,42,49,45,5
19/09/2020,1,6,28,29,37,45,2,5
18/09/2020,4,9,23,24,27,38,22,6
17/09/2020,23,24,32,33,34,47,22,5
16/09/2020,1,6,16,19,37,38,43,3
15/09/2020,14,23,25,31,37,47,2,9
14/09/2020,7,9,28,32,40,47,4,4
12/09/2020,17,34,35,40,47,48,3,4
11/09/2020,1,3,10,38,48,49,29,4
10/09/2020,1,13,19,36,38,48,43,8
9/09/2020,14,20,26,28,36,41,10,4
8/09/2020,2,8,18,34,36,38,3,4
7/09/2020,8,27,34,35,43,48,30,6
5/09/2020,10,16,21,24,25,31,41,9
4/09/2020,1,29,30,32,41,46,47,4
3/09/2020,2,10,13,29,30,47,3,0
2/09/2020,6,16,28,43,44,45,48,5
1/09/2020,2,4,15,19,35,46,44,5
31/08/2020,20,24,27,29,38,42,37,7
29/08/2020,14,30,34,35,41,47,45,5
28/08/2020,7,13,17,20,35,40,8,8
27/08/2020,2,4,10,15,25,44,47,9
26/08/2020,10,13,21,39,41,49,35,8
25/08/2020,6,11,22,30,41,48,3,0
24/08/2020,11,18,32,33,36,37,9,7
22/08/2020,1,10,12,15,24,42,8,1
21/08/2020,3,5,12,21,25,37,10,5
20/08/2020,17,19,35,36,38,42,37,3
19/08/2020,1,12,37,39,40,44,18,2
18/08/2020,14,24,26,28,44,47,8,9
17/08/2020,3,11,20,21,30,38,36,9
15/08/2020,6,14,17,18,20,46,10,5
14/08/2020,1,3,11,14,30,37,7,1
13/08/2020,7,10,15,26,34,35,37,9
12/08/2020,7,9,13,21,27,43,22,0
11/08/2020,4,10,14,17,20,39,38,9
10/08/2020,3,26,29,34,42,49,27,4
8/08/2020,6,13,26,37,39,46,7,8
7/08/2020,3,19,22,36,42,47,34,5
6/08/2020,15,16,29,39,41,44,46,1
5/08/2020,8,20,24,27,38,39,4,7
4/08/2020,5,11,13,17,36,47,34,0
3/08/2020,11,28,36,37,45,48,17,7
1/08/2020,4,8,29,34,43,44,49,3
31/07/2020,6,14,17,27,38,43,10,2
30/07/2020,7,10,13,16,37,48,41,7
29/07/2020,1,3,7,23,27,30,47,2
28/07/2020,6,7,9,20,27,30,47,0
27/07/2020,8,22,24,27,29,41,14,2
25/07/2020,1,13,18,26,38,42,15,0
24/07/2020,5,7,9,13,15,23,28,9
23/07/2020,10,12,19,23,33,47,45,1
22/07/2020,1,4,29,33,38,49,41,0
21/07/2020,23,35,40,44,45,49,36,8
20/07/2020,1,16,30,35,37,40,39,3
18/07/2020,2,15,20,31,37,48,3,8
17/07/2020,5,8,11,17,26,40,9,9
16/07/2020,16,20,28,29,34,42,47,2
15/07/2020,14,19,24,28,36,45,48,5
14/07/2020,4,13,16,26,28,41,22,6
13/07/2020,9,11,23,26,42,43,10,5
11/07/2020,3,14,29,37,46,49,30,2
10/07/2020,7,19,22,34,39,47,44,7
9/07/2020,4,15,27,37,38,40,5,9
8/07/2020,7,13,20,23,28,37,18,9
7/07/2020,7,14,19,26,41,46,32,1
6/07/2020,11,26,32,34,40,41,10,3
4/07/2020,10,13,26,32,38,39,37,5
3/07/2020,2,21,25,34,39,44,22,8
2/07/2020,3,6,17,33,35,43,42,5
1/07/2020,4,6,8,21,23,43,45,0
30/06/2020,20,22,29,30,33,37,27,4
29/06/2020,10,20,32,37,40,45,28,1
27/06/2020,2,17,20,21,40,47,46,2
26/06/2020,5,13,33,38,40,43,42,4
25/06/2020,5,18,22,28,33,43,23,2
24/06/2020,19,20,23,38,40,45,27,2
23/06/2020,7,19,20,27,35,44,21,8
22/06/2020,1,3,7,10,11,49,5,8
20/06/2020,2,12,14,16,17,49,18,9
19/06/2020,6,13,22,35,36,47,20,6
18/06/2020,2,3,11,13,37,48,42,1
17/06/2020,9,18,26,36,42,43,28,8
16/06/2020,10,14,15,17,26,45,6,8
15/06/2020,3,4,14,15,28,32,43,5
13/06/2020,6,8,26,32,40,46,42,3
12/06/2020,19,20,21,22,26,30,3,9
11/06/2020,14,16,23,29,34,35,5,4
10/06/2020,8,11,17,32,41,42,34,8
9/06/2020,2,11,12,22,24,35,33,5
8/06/2020,6,8,34,43,45,49,44,5
6/06/2020,23,24,30,39,43,48,2,0
5/06/2020,13,17,19,24,36,39,45,9
4/06/2020,2,4,17,23,29,48,24,7
3/06/2020,8,20,22,34,35,42,6,5
2/06/2020,12,21,29,30,33,36,28,6
1/06/2020,1,4,26,29,33,41,34,3
30/05/2020,4,13,14,35,40,42,1,1
29/05/2020,4,13,17,34,41,46,39,4
28/05/2020,1,4,9,31,32,43,21,9
27/05/2020,6,15,22,23,29,30,17,3
26/05/2020,21,23,28,37,42,44,40,7
25/05/2020,4,13,15,18,19,46,16,2
14/03/2020,14,18,25,28,40,41,34,2
13/03/2020,9,14,15,16,25,42,31,0
12/03/2020,13,15,25,29,35,48,12,6
11/03/2020,13,17,18,21,37,41,29,9
10/03/2020,4,7,11,12,20,27,36,0
9/03/2020,10,13,14,19,36,43,18,3
7/03/2020,14,24,31,39,41,48,5,6
6/03/2020,14,18,20,34,35,38,10,8
5/03/2020,4,7,12,35,38,40,8,1
4/03/2020,3,5,20,30,32,44,6,3
3/03/2020,2,18,26,36,42,49,6,0
2/03/2020,4,8,10,13,22,23,43,1
29/02/2020,5,8,13,43,45,46,44,8
28/02/2020,18,20,31,32,45,46,22,0
27/02/2020,12,17,18,24,27,43,38,4
26/02/2020,3,24,28,34,36,46,25,6
25/02/2020,5,19,26,32,39,46,18,8
24/02/2020,10,21,27,28,39,46,3,3
22/02/2020,2,14,26,37,45,49,33,2
21/02/2020,5,7,11,25,26,35,43,2
20/02/2020,1,5,8,10,37,42,29,1
19/02/2020,21,30,31,36,41,48,4,8
18/02/2020,10,17,29,32,35,46,36,4
17/02/2020,16,29,39,40,44,48,47,9
15/02/2020,2,6,7,35,36,45,48,9
14/02/2020,4,9,14,15,18,45,38,5
13/02/2020,1,5,9,14,28,42,18,3
12/02/2020,3,7,11,34,38,45,19,2
11/02/2020,5,14,17,32,45,46,48,6
10/02/2020,12,14,15,24,39,47,30,7
8/02/2020,9,11,26,33,42,49,5,4
7/02/2020,11,15,18,23,33,45,27,8
6/02/2020,4,11,17,20,45,47,31,8
5/02/2020,3,8,20,43,48,49,10,6
4/02/2020,11,15,18,23,32,34,21,5
3/02/2020,6,13,15,24,32,42,8,1
1/02/2020,7,23,28,42,44,46,47,3
31/01/2020,6,13,22,27,37,43,10,0
30/01/2020,28,30,33,35,36,42,46,3
29/01/2020,21,24,38,41,42,48,19,6
28/01/2020,1,7,8,37,44,46,42,6
27/01/2020,1,5,18,21,27,45,37,6
25/01/2020,6,10,18,24,40,41,28,5
24/01/2020,13,16,25,31,35,43,46,6
23/01/2020,12,16,17,19,27,34,28,8
22/01/2020,10,11,14,34,42,49,4,9
21/01/2020,3,25,28,29,41,43,40,9
20/01/2020,3,15,18,24,47,48,10,0
18/01/2020,7,19,23,28,32,35,9,1
17/01/2020,17,29,39,42,45,46,16,9
16/01/2020,14,32,33,34,36,49,11,7
15/01/2020,1,11,13,14,22,35,23,6
14/01/2020,2,7,22,29,39,41,48,0
13/01/2020,8,17,21,32,35,46,25,7
11/01/2020,5,6,25,33,38,49,48,2
10/01/2020,7,16,17,20,23,39,22,3
9/01/2020,3,9,13,19,33,40,22,0
8/01/2020,11,14,17,24,26,43,32,9
7/01/2020,27,29,32,39,41,45,23,4
6/01/2020,8,16,18,34,36,38,32,0
4/01/2020,11,12,29,37,39,46,13,0
3/01/2020,6,31,33,41,46,47,18,9
2/01/2020,17,20,25,33,37,49,48,2
1/01/2020,5,28,29,43,44,46,23,1
31/12/2019,4,13,17,18,30,49,5,8
30/12/2019,11,16,17,26,37,41,46,3
28/12/2019,2,12,26,30,33,44,41,1
27/12/2019,7,22,23,24,43,49,14,0
26/12/2019,6,20,22,35,38,45,28,5
25/12/2019,1,11,14,30,34,37,23,1
24/12/2019,3,6,33,46,47,49,29,7
23/12/2019,11,21,30,35,39,40,28,3
21/12/2019,8,13,18,25,26,44,15,8
20/12/2019,4,11,15,30,40,45,38,9
19/12/2019,5,37,39,42,43,48,21,9
18/12/2019,18,24,25,26,32,45,35,6
17/12/2019,12,13,17,39,43,49,27,1
16/12/2019,4,11,20,24,26,48,31,6
14/12/2019,1,5,6,27,31,37,3,7
13/12/2019,6,11,26,32,36,42,18,5
12/12/2019,15,18,41,44,45,49,11,4
11/12/2019,9,14,20,30,40,49,44,1
10/12/2019,10,11,12,20,24,36,34,2
9/12/2019,2,20,25,28,29,45,48,4
7/12/2019,23,30,31,37,47,49,38,2
6/12/2019,1,4,7,12,14,49,24,6
5/12/2019,5,7,9,11,21,27,26,2
4/12/2019,11,19,34,35,41,44,24,0
3/12/2019,3,6,27,33,35,37,10,3
2/12/2019,6,8,10,38,42,44,11,4
30/11/2019,6,22,23,34,35,37,7,6
29/11/2019,21,22,31,33,34,40,41,6
28/11/2019,10,11,13,15,35,47,7,0
27/11/2019,6,16,18,33,42,44,10,3
26/11/2019,5,18,38,42,45,48,19,2
25/11/2019,13,15,27,38,40,44,29,8
23/11/2019,15,19,26,32,36,48,49,4
22/11/2019,3,9,11,22,25,38,41,0
21/11/2019,1,8,10,20,21,49,3,8
20/11/2019,11,13,21,23,26,35,15,4
19/11/2019,4,6,18,20,31,41,11,1
18/11/2019,5,21,22,29,39,41,1,8
16/11/2019,12,18,37,41,44,46,33,9
15/11/2019,5,13,18,20,37,48,23,6
14/11/2019,10,13,16,18,25,33,24,5
13/11/2019,5,16,28,32,34,47,49,8
12/11/2019,20,26,32,35,37,39,41,8
11/11/2019,2,25,30,31,32,33,1,7
9/11/2019,7,14,21,45,47,48,35,2
8/11/2019,4,34,35,36,44,45,40,0
7/11/2019,13,14,18,21,31,43,27,2
6/11/2019,4,14,15,39,44,47,36,0
5/11/2019,3,8,29,33,38,40,7,7
4/11/2019,12,19,21,29,32,37,38,1
2/11/2019,4,17,18,38,47,48,31,6
1/11/2019,8,20,21,24,27,45,6,7
31/10/2019,7,20,25,26,32,38,43,8
30/10/2019,3,5,7,29,32,45,14,8
29/10/2019,14,20,28,34,43,49,30,6
28/10/2019,2,8,21,31,35,40,24,3
26/10/2019,4,18,25,28,30,44,48,9
25/10/2019,3,5,16,23,29,30,24,8
24/10/2019,2,3,8,9,12,42,49,5
23/10/2019,1,4,6,17,23,41,24,9
22/10/2019,6,14,29,45,46,49,48,3
21/10/2019,8,12,13,25,36,40,27,5
19/10/2019,4,12,25,26,36,42,33,7
18/10/2019,1,6,12,14,16,35,31,8
17/10/2019,3,8,21,27,31,45,38,5
16/10/2019,3,8,9,25,27,39,44,2
15/10/2019,13,19,21,36,38,42,45,6
14/10/2019,10,21,34,38,45,48,11,7
12/10/2019,4,5,11,22,28,41,36,6
11/10/2019,12,16,18,35,39,44,28,0
10/10/2019,5,11,24,35,46,49,17,5
9/10/2019,22,25,31,34,36,46,45,6
8/10/2019,18,19,34,36,39,48,7,7
7/10/2019,29,30,34,37,39,41,24,3
5/10/2019,5,9,16,30,36,49,39,2
4/10/2019,10,11,13,22,35,44,4,1
3/10/2019,6,8,15,18,38,40,21,0
2/10/2019,3,12,19,20,23,36,39,0
1/10/2019,17,18,24,25,26,46,16,5
30/09/2019,1,6,14,26,33,47,23,8
28/09/2019,25,31,43,44,48,49,27,5
27/09/2019,1,7,8,25,30,37,16,7
26/09/2019,18,20,24,42,47,49,30,8
25/09/2019,4,5,25,39,40,41,30,5
24/09/2019,4,24,28,34,37,45,30,5
23/09/2019,10,13,15,20,30,40,4,8
21/09/2019,2,13,17,22,32,37,20,7
20/09/2019,1,6,10,11,22,43,18,8
19/09/2019,11,22,30,36,42,49,16,4
18/09/2019,10,18,22,32,34,40,35,5
17/09/2019,3,6,7,10,15,31,24,6
16/09/2019,9,13,21,25,44,48,11,6
14/09/2019,5,9,11,12,19,32,47,4
13/09/2019,12,15,21,25,27,34,29,4
12/09/2019,6,14,18,28,31,36,23,3
11/09/2019,6,14,26,40,41,46,22,6
10/09/2019,2,13,16,17,44,49,38,8
9/09/2019,12,14,27,41,42,47,43,2
7/09/2019,6,9,23,31,36,47,27,2
6/09/2019,7,14,16,20,40,49,4,5
5/09/2019,2,3,5,10,24,32,27,7
4/09/2019,7,22,25,39,45,46,8,5
3/09/2019,1,25,30,35,44,46,40,1
2/09/2019,8,9,18,34,40,44,6,1
31/08/2019,5,17,23,32,43,49,31,0
30/08/2019,1,2,10,19,34,41,17,9
29/08/2019,10,13,19,22,26,29,27,3
28/08/2019,4,10,11,17,42,47,6,6
27/08/2019,6,10,16,20,33,47,25,3
26/08/2019,2,31,34,35,41,44,10,6
24/08/2019,25,33,39,41,42,47,11,0
23/08/2019,5,13,27,31,34,41,30,1
22/08/2019,5,12,19,28,35,41,31,1
21/08/2019,18,21,27,37,47,48,11,5
20/08/2019,4,16,20,28,41,48,42,3
19/08/2019,1,19,20,21,33,46,48,1
17/08/2019,10,13,18,21,22,27,31,8
16/08/2019,11,15,30,33,34,40,2,4
15/08/2019,3,8,11,19,37,45,46,9
14/08/2019,8,26,29,38,43,46,12,3
13/08/2019,12,20,21,22,25,30,42,1
12/08/2019,4,17,25,31,32,45,11,4
10/08/2019,4,6,16,26,27,28,43,2
9/08/2019,14,30,39,40,41,47,2,5
8/08/2019,3,8,10,36,37,42,45,1
7/08/2019,17,24,26,33,45,48,30,1
6/08/2019,3,6,14,15,19,37,32,7
5/08/2019,3,5,18,19,21,27,40,2
3/08/2019,4,18,32,34,38,44,8,6
2/08/2019,13,22,39,45,48,49,17,1
1/08/2019,6,13,15,17,24,43,18,2
31/07/2019,12,13,19,27,33,45,14,7
30/07/2019,9,10,26,30,36,43,38,9
29/07/2019,8,18,19,31,40,41,2,1
27/07/2019,7,11,15,34,37,40,5,7
26/07/2019,6,20,22,34,39,45,44,0
25/07/2019,7,9,10,28,34,41,18,8
24/07/2019,4,10,28,44,46,47,2,6
23/07/2019,4,24,31,32,41,42,11,3
22/07/2019,24,25,30,39,41,47,49,1
20/07/2019,2,18,23,31,33,43,37,6
19/07/2019,10,21,27,33,38,46,39,9
18/07/2019,9,14,15,34,46,47,40,4
17/07/2019,2,26,35,41,42,47,37,5
16/07/2019,11,15,26,41,43,44,46,8
15/07/2019,1,9,14,17,25,34,38,0
13/07/2019,7,10,15,17,44,45,22,1
12/07/2019,2,19,23,36,37,49,24,6
11/07/2019,11,15,21,24,38,47,25,4
10/07/2019,2,4,6,25,36,46,32,0
9/07/2019,8,13,20,22,28,49,24,1
8/07/2019,15,20,22,34,46,49,30,1
6/07/2019,11,17,19,21,23,37,13,7
5/07/2019,12,19,21,22,28,29,42,7
4/07/2019,7,14,25,32,38,46,9,4
3/07/2019,9,10,13,25,33,35,43,0
2/07/2019,4,15,21,29,33,47,27,9
1/07/2019,7,8,10,15,31,38,43,7
29/06/2019,4,8,22,27,38,49,25,2
28/06/2019,1,16,22,35,40,41,14,7
27/06/2019,6,22,24,32,33,49,47,5
26/06/2019,13,15,16,18,31,37,41,6
25/06/2019,1,5,12,21,23,49,11,1
24/06/2019,9,19,22,31,39,46,7,4
22/06/2019,13,24,25,31,34,49,8,8
21/06/2019,3,7,16,19,27,32,47,1
20/06/2019,15,24,34,35,36,41,39,2
19/06/2019,13,17,19,20,36,41,27,1
18/06/2019,1,2,18,22,35,38,33,4
17/06/2019,10,27,35,37,45,49,1,6
15/06/2019,8,9,11,25,28,39,33,7
14/06/2019,2,11,23,31,41,43,7,9
13/06/2019,7,32,45,47,48,49,35,7
12/06/2019,2,26,31,35,47,48,18,6
11/06/2019,3,25,33,36,37,47,40,1
10/06/2019,1,24,29,38,41,45,44,8
8/06/2019,14,17,23,27,38,42,44,4
7/06/2019,5,7,25,27,34,43,6,1
6/06/2019,2,4,14,32,34,47,42,8
5/06/2019,4,18,25,36,37,39,21,3
4/06/2019,1,23,24,32,33,34,48,3
3/06/2019,18,24,27,40,43,49,30,8
1/06/2019,4,9,25,30,42,46,27,6
31/05/2019,3,5,7,27,32,46,49,0
30/05/2019,2,9,13,22,23,32,4,3
29/05/2019,5,6,16,31,32,43,38,9
28/05/2019,13,26,27,33,40,44,34,9
27/05/2019,1,5,14,17,30,44,11,4
25/05/2019,1,12,17,28,38,47,45,2
24/05/2019,1,9,11,17,22,47,43,4
23/05/2019,16,20,24,32,43,48,7,3
22/05/2019,5,9,31,32,36,42,40,4
21/05/2019,9,14,22,25,29,45,28,4
20/05/2019,13,28,29,30,44,46,6,3
18/05/2019,6,22,36,37,42,49,33,7
17/05/2019,16,30,36,38,39,44,1,6
16/05/2019,16,24,30,37,42,45,23,4
15/05/2019,7,16,26,29,32,47,24,2
14/05/2019,2,22,23,26,33,48,30,4
13/05/2019,10,19,35,36,46,48,16,4
11/05/2019,2,13,18,32,37,42,22,9
10/05/2019,26,27,28,35,37,39,46,6
9/05/2019,1,11,21,30,32,39,38,6
8/05/2019,13,31,39,40,42,44,4,1
7/05/2019,7,10,11,27,45,47,16,7
6/05/2019,4,13,18,35,39,42,26,4
4/05/2019,9,15,17,24,41,46,4,8
3/05/2019,3,23,27,30,40,48,14,8
2/05/2019,2,8,12,22,25,27,48,8
1/05/2019,5,8,29,35,36,47,10,3
30/04/2019,4,8,17,25,33,37,42,3
29/04/2019,2,5,6,9,21,46,34,5
27/04/2019,3,12,15,32,43,48,37,5
26/04/2019,1,3,22,28,33,42,8,7
25/04/2019,7,14,16,20,26,47,21,4
24/04/2019,9,15,17,25,28,41,36,0
23/04/2019,5,9,12,14,34,41,4,2
22/04/2019,2,5,10,13,16,29,30,9
20/04/2019,3,5,17,18,27,44,6,4
19/04/2019,6,9,24,37,43,47,3,5
18/04/2019,13,14,31,33,48,49,20,3
17/04/2019,2,10,14,15,43,47,26,2
16/04/2019,10,32,36,38,45,46,21,4
15/04/2019,4,9,13,15,22,24,45,7
13/04/2019,2,9,16,20,24,44,38,3
12/04/2019,9,21,22,42,44,47,27,0
11/04/2019,7,10,20,28,35,48,46,2
10/04/2019,1,9,14,21,35,48,42,3
9/04/2019,24,30,33,34,37,40,26,9
8/04/2019,3,21,23,31,33,39,18,9
6/04/2019,4,20,21,26,30,35,45,9
5/04/2019,7,10,18,20,33,35,39,9
4/04/2019,8,10,20,24,28,42,31,0
3/04/2019,1,22,24,26,27,48,40,4
2/04/2019,1,24,33,39,40,49,35,6
1/04/2019,2,11,14,19,27,47,13,9
30/03/2019,6,13,17,33,47,48,24,0
29/03/2019,4,15,19,31,48,49,7,6
28/03/2019,5,6,14,18,46,47,21,1
27/03/2019,2,13,18,21,36,40,15,6
26/03/2019,11,14,16,26,36,45,5,0
25/03/2019,7,13,16,20,28,31,10,3
23/03/2019,1,4,5,27,30,43,19,9
22/03/2019,5,23,35,37,40,44,32,6
21/03/2019,3,10,25,35,36,47,9,5
20/03/2019,4,19,23,37,44,48,36,3
19/03/2019,5,12,17,34,44,48,6,5
18/03/2019,9,18,19,20,22,40,32,3
16/03/2019,4,5,9,14,32,49,30,7
15/03/2019,9,19,29,34,35,37,8,0
14/03/2019,16,21,27,28,29,47,6,3
13/03/2019,2,15,16,27,46,49,21,5
12/03/2019,3,8,24,28,44,45,20,9
11/03/2019,11,12,16,25,28,42,2,3
9/03/2019,3,4,15,35,40,41,23,1
8/03/2019,5,9,28,32,35,38,23,9
7/03/2019,5,8,12,36,37,39,29,0
6/03/2019,8,10,11,15,46,48,29,0
5/03/2019,17,18,25,33,42,46,32,9
4/03/2019,3,4,6,27,35,48,36,5
2/03/2019,12,16,17,29,35,41,47,4
1/03/2019,3,6,15,40,41,44,36,8
28/02/2019,4,21,26,27,35,47,14,2
27/02/2019,9,19,23,33,44,45,36,5
26/02/2019,2,6,20,24,32,41,47,2
25/02/2019,4,6,15,26,42,49,41,7
23/02/2019,3,14,37,38,45,47,4,5
22/02/2019,2,14,17,18,32,44,30,3
21/02/2019,4,9,17,33,37,40,27,4
20/02/2019,8,24,32,36,44,48,17,5
19/02/2019,3,9,23,25,33,35,45,7
18/02/2019,14,17,26,30,36,45,2,4
16/02/2019,6,13,38,40,42,47,10,0
15/02/2019,4,12,16,28,40,41,17,1
14/02/2019,9,12,16,23,36,47,46,2
13/02/2019,28,38,39,40,48,49,13,1
12/02/2019,9,13,28,30,31,49,47,3
11/02/2019,2,9,14,31,40,46,37,1
9/02/2019,2,14,17,22,41,49,47,3
8/02/2019,2,8,13,32,44,48,25,2
7/02/2019,1,11,15,17,38,39,2,4
6/02/2019,9,30,37,41,43,44,20,4
5/02/2019,1,19,26,38,40,44,10,7
4/02/2019,10,12,19,34,36,41,5,2
2/02/2019,10,12,18,20,24,45,40,1
1/02/2019,5,9,18,34,37,48,14,0
31/01/2019,17,19,24,36,41,46,47,3
30/01/2019,2,3,4,7,20,48,41,9
29/01/2019,5,18,22,39,41,45,31,1
28/01/2019,1,2,7,17,19,46,47,7
26/01/2019,22,24,30,33,37,40,39,8
25/01/2019,2,5,32,33,46,47,37,1
24/01/2019,17,29,35,42,44,49,40,7
23/01/2019,22,25,27,30,48,49,24,8
22/01/2019,18,23,35,44,45,47,27,8
21/01/2019,1,8,10,15,41,49,39,6
19/01/2019,10,20,24,27,29,41,45,1
18/01/2019,11,13,20,30,42,46,21,9
17/01/2019,1,14,20,34,35,49,45,8
16/01/2019,12,33,40,45,46,47,41,2
15/01/2019,13,27,33,41,43,48,49,0
14/01/2019,9,12,17,18,44,48,24,7
12/01/2019,4,16,26,35,39,45,40,7
11/01/2019,2,19,28,29,44,46,11,0
10/01/2019,6,11,18,27,44,45,29,1
9/01/2019,13,14,19,34,46,49,42,6
8/01/2019,5,19,30,31,39,41,25,8
7/01/2019,6,8,38,41,42,43,48,7
5/01/2019,7,10,16,20,28,42,47,7
4/01/2019,6,8,23,28,43,48,12,6
3/01/2019,5,12,34,35,39,47,48,7
2/01/2019,5,7,10,34,46,49,6,3
1/01/2019,9,16,27,32,43,44,14,5
31/12/2018,1,4,28,31,42,49,39,8
29/12/2018,4,5,12,13,21,40,14,0
28/12/2018,17,29,30,31,37,49,2,4
27/12/2018,14,19,25,37,39,48,9,1
26/12/2018,5,18,21,23,27,43,30,5
25/12/2018,1,3,13,35,45,46,17,1
24/12/2018,7,18,19,28,37,44,23,6
22/12/2018,1,17,23,27,35,36,15,2
21/12/2018,2,12,17,33,34,38,14,0
20/12/2018,2,12,18,30,46,47,15,8
19/12/2018,8,20,28,37,40,45,6,9
18/12/2018,1,27,32,34,37,42,16,2
17/12/2018,1,2,8,25,28,35,48,5
15/12/2018,1,5,17,23,33,39,36,7
14/12/2018,1,17,25,27,43,45,7,4
13/12/2018,5,9,11,14,22,29,3,7
12/12/2018,14,29,40,41,42,47,34,3
11/12/2018,7,18,20,21,33,37,45,9
10/12/2018,8,9,10,12,30,31,22,0
8/12/2018,1,24,25,30,33,38,2,2
7/12/2018,7,19,29,34,39,41,4,1
6/12/2018,6,17,21,27,37,47,16,4
5/12/2018,6,14,28,29,36,37,48,4
4/12/2018,2,7,9,16,17,48,49,8
3/12/2018,5,17,19,22,25,46,38,7
1/12/2018,9,16,18,33,38,48,34,0
30/11/2018,1,11,13,29,33,34,3,9
29/11/2018,10,14,15,27,33,49,11,0
28/11/2018,3,16,35,36,40,49,44,5
27/11/2018,2,3,19,23,36,47,39,5
26/11/2018,18,37,39,40,48,49,43,9
24/11/2018,1,11,30,32,39,41,15,0
23/11/2018,8,11,25,26,33,44,1,6
22/11/2018,9,12,16,37,44,46,49,7
21/11/2018,2,16,18,29,35,48,17,9
20/11/2018,1,15,22,25,35,45,34,0
19/11/2018,19,28,32,43,47,49,11,1
17/11/2018,15,17,22,26,36,39,46,7
16/11/2018,1,16,26,29,38,41,7,1
15/11/2018,6,11,14,29,35,45,2,1
14/11/2018,1,8,12,24,28,39,2,1
13/11/2018,5,14,15,17,22,36,39,5
12/11/2018,5,13,18,27,36,46,4,8
10/11/2018,3,9,10,42,48,49,8,8
9/11/2018,2,10,22,38,41,46,42,8
8/11/2018,1,3,20,28,35,45,33,7
7/11/2018,7,11,14,28,46,47,10,8
6/11/2018,6,9,16,31,35,46,20,7
5/11/2018,5,17,22,26,37,44,24,5
3/11/2018,18,33,39,41,45,49,40,7
2/11/2018,8,15,22,31,36,40,27,4
1/11/2018,4,16,24,35,42,44,30,2
31/10/2018,4,8,14,15,31,38,6,0
30/10/2018,4,11,29,41,46,47,48,1
29/10/2018,2,5,9,18,33,40,8,3
27/10/2018,12,13,17,32,35,47,7,3
26/10/2018,10,19,23,30,37,38,9,7
25/10/2018,2,8,15,25,27,49,36,3
24/10/2018,9,22,23,27,30,44,3,6
23/10/2018,3,17,20,21,36,44,26,0
22/10/2018,4,10,19,22,31,48,27,9
20/10/2018,8,9,23,27,34,46,11,3
19/10/2018,7,14,19,36,38,44,15,2
18/10/2018,21,28,30,33,46,47,35,3
17/10/2018,9,17,18,19,27,39,15,4
16/10/2018,4,5,26,28,34,43,6,3
15/10/2018,1,2,20,26,28,48,39,5
13/10/2018,3,23,24,43,45,46,22,6
12/10/2018,1,14,32,38,41,46,4,9
11/10/2018,2,4,15,29,30,49,34,2
10/10/2018,2,11,21,31,36,48,33,4
9/10/2018,9,18,30,34,45,49,38,0
8/10/2018,8,16,22,29,32,35,12,7
6/10/2018,2,8,12,22,39,48,44,4
5/10/2018,2,5,19,21,22,35,1,3
4/10/2018,1,15,16,18,31,39,20,6
3/10/2018,11,15,16,32,40,41,29,9
2/10/2018,5,15,18,28,34,46,33,9
1/10/2018,1,7,9,22,27,44,16,2
29/09/2018,2,19,30,32,35,49,4,3
28/09/2018,1,5,9,19,44,48,42,0
27/09/2018,4,11,20,30,41,44,46,9
26/09/2018,24,25,30,35,36,44,41,3
25/09/2018,14,21,22,27,38,47,1,2
24/09/2018,2,4,11,17,40,45,3,8
22/09/2018,10,21,30,33,38,40,44,4
21/09/2018,10,12,15,35,47,49,18,3
20/09/2018,3,8,29,31,46,49,39,9
19/09/2018,26,27,29,30,31,39,44,9
18/09/2018,9,11,21,27,28,29,3,7
17/09/2018,3,22,25,35,41,48,46,3
15/09/2018,2,5,17,20,22,43,19,3
14/09/2018,8,10,11,33,44,47,14,8
13/09/2018,11,12,17,25,35,47,2,3
12/09/2018,3,9,11,20,44,46,5,0
11/09/2018,8,27,30,36,39,45,42,9
10/09/2018,6,8,25,30,41,45,22,7
8/09/2018,4,24,40,43,47,49,2,9
7/09/2018,11,14,25,30,41,49,35,5
6/09/2018,7,10,17,30,36,46,39,4
5/09/2018,10,13,16,37,46,47,9,1
4/09/2018,13,20,21,29,34,35,33,4
3/09/2018,5,13,32,33,36,46,18,7
1/09/2018,7,13,28,30,37,39,19,2
31/08/2018,2,11,19,25,41,44,40,7
30/08/2018,3,4,5,25,34,36,30,8
29/08/2018,3,6,15,21,44,45,40,4
28/08/2018,16,18,24,27,30,33,34,3
27/08/2018,4,7,23,36,38,47,9,8
25/08/2018,18,19,20,38,44,47,17,9
24/08/2018,4,12,13,15,37,45,22,2
23/08/2018,10,16,32,39,42,46,45,2
22/08/2018,2,9,10,33,38,40,18,4
21/08/2018,4,6,7,25,28,45,36,9
20/08/2018,11,14,19,29,30,31,48,8
18/08/2018,1,4,30,33,34,49,32,9
17/08/2018,8,9,14,21,28,46,49,0
16/08/2018,3,23,27,28,29,32,24,7
15/08/2018,4,5,24,34,43,45,37,8
14/08/2018,5,6,10,15,24,36,43,8
13/08/2018,10,21,22,36,39,47,28,2
11/08/2018,4,5,10,13,32,43,39,6
10/08/2018,10,23,29,38,41,49,39,8
9/08/2018,1,18,19,21,24,29,28,6
8/08/2018,3,12,15,20,23,45,44,0
7/08/2018,19,20,22,28,42,43,12,7
6/08/2018,3,6,7,11,25,26,18,7
4/08/2018,8,10,17,34,38,44,15,5
3/08/2018,3,5,10,12,38,42,16,2
2/08/2018,2,5,8,10,17,33,12,2
1/08/2018,2,21,26,30,33,36,39,1
31/07/2018,1,2,8,20,22,48,40,5
30/07/2018,1,3,16,19,33,43,34,1
28/07/2018,7,8,18,40,43,49,13,5
27/07/2018,14,15,30,39,44,45,28,4
26/07/2018,12,25,36,37,39,46,44,6
25/07/2018,18,25,35,39,46,47,15,1
24/07/2018,18,22,25,27,38,44,29,1
23/07/2018,5,23,25,27,31,47,41,0
21/07/2018,18,20,23,36,40,47,3,2
20/07/2018,12,20,21,25,35,44,16,4
19/07/2018,5,10,13,30,39,46,41,3
18/07/2018,2,5,7,12,28,41,16,5
17/07/2018,5,15,21,34,38,43,16,1
16/07/2018,4,20,31,33,39,46,17,4
14/07/2018,18,24,30,37,38,40,26,2
13/07/2018,4,10,29,34,39,43,35,9
12/07/2018,7,12,21,38,41,49,39,7
11/07/2018,5,15,20,23,36,46,41,1
10/07/2018,15,16,19,33,46,49,47,4
9/07/2018,7,31,33,34,43,45,28,5
7/07/2018,3,4,21,24,40,47,17,2
6/07/2018,5,8,10,32,35,36,11,0
5/07/2018,23,25,39,43,45,48,4,1
4/07/2018,5,12,20,41,44,45,43,9
3/07/2018,10,18,19,29,31,48,32,5
2/07/2018,20,29,32,40,41,43,45,6
30/06/2018,12,18,27,29,30,36,45,2
29/06/2018,10,12,13,20,30,47,9,3
28/06/2018,2,18,20,25,29,48,45,0
27/06/2018,19,24,25,39,40,41,8,8
26/06/2018,15,19,20,25,27,38,46,0
25/06/2018,12,13,14,33,44,46,10,9
23/06/2018,10,14,27,29,34,39,12,8
22/06/2018,12,15,19,38,43,46,14,4
21/06/2018,2,5,8,19,22,36,48,4
20/06/2018,3,16,28,38,43,47,33,4
19/06/2018,8,12,20,21,29,32,45,5
18/06/2018,13,21,23,24,25,41,38,5
16/06/2018,4,30,33,34,38,40,35,9
15/06/2018,2,5,7,24,27,46,10,6
14/06/2018,1,2,16,30,33,47,26,8
13/06/2018,2,8,9,19,32,42,7,2
12/06/2018,6,26,34,35,38,45,30,0
11/06/2018,22,28,31,33,36,37,5,4
9/06/2018,17,21,35,36,38,46,8,6
8/06/2018,11,12,14,43,45,46,34,2
7/06/2018,2,6,12,19,27,30,15,8
6/06/2018,2,4,20,24,26,35,49,1
5/06/2018,20,22,37,38,40,45,3,2
4/06/2018,3,5,17,26,38,40,36,7
2/06/2018,6,22,28,35,46,48,42,6
1/06/2018,1,5,11,19,33,36,49,1
31/05/2018,1,27,32,40,46,47,14,2
30/05/2018,17,23,24,28,32,33,40,6
29/05/2018,8,14,22,33,36,42,32,3
28/05/2018,6,7,12,19,41,44,29,0
26/05/2018,16,20,28,39,43,49,47,1
25/05/2018,1,28,29,31,39,40,45,0
24/05/2018,2,16,22,24,28,35,1,2
23/05/2018,13,15,25,30,33,35,43,2
22/05/2018,8,16,22,30,31,36,45,1
21/05/2018,3,13,14,29,46,47,9,1
19/05/2018,2,25,32,36,47,49,7,8
18/05/2018,15,22,28,34,38,49,6,9
17/05/2018,1,7,19,29,31,39,43,5
16/05/2018,5,13,31,38,45,48,44,9
15/05/2018,7,10,15,17,31,49,34,6
14/05/2018,9,10,13,17,37,47,21,5
12/05/2018,9,11,14,31,40,49,30,3
11/05/2018,1,19,25,29,33,36,40,8
10/05/2018,14,19,36,37,38,40,26,8
9/05/2018,3,6,21,22,24,48,17,4
8/05/2018,1,4,7,8,17,46,29,4
7/05/2018,2,20,22,29,30,45,42,5
5/05/2018,6,11,27,37,38,45,2,9
4/05/2018,1,10,27,28,31,47,11,0
3/05/2018,4,19,31,35,38,48,41,2
2/05/2018,8,12,15,17,26,45,39,3
1/05/2018,6,16,21,24,33,47,19,9
30/04/2018,5,10,12,17,25,33,7,6
28/04/2018,10,21,24,26,27,36,34,5
27/04/2018,4,25,29,30,36,42,11,5
26/04/2018,6,16,27,28,31,34,25,5
25/04/2018,3,6,7,10,24,47,31,2
24/04/2018,1,3,14,16,39,49,30,1
23/04/2018,4,11,20,24,37,38,5,5
21/04/2018,16,20,27,41,44,45,28,9
20/04/2018,7,15,18,19,22,37,23,0
19/04/2018,3,5,6,11,35,46,32,7
18/04/2018,5,11,29,33,34,37,26,5
17/04/2018,4,5,26,28,31,44,35,4
16/04/2018,9,12,17,19,23,42,47,1
14/04/2018,11,24,28,31,32,44,36,7
13/04/2018,28,32,34,37,43,49,10,8
12/04/2018,6,15,16,32,41,47,18,3
11/04/2018,1,13,14,37,39,40,11,0
10/04/2018,8,11,17,23,37,44,16,4
9/04/2018,2,21,22,29,40,44,15,0
7/04/2018,9,28,40,42,43,47,37,2
6/04/2018,1,2,7,14,28,36,27,3
5/04/2018,5,8,15,19,33,47,14,4
4/04/2018,3,4,6,22,29,35,24,1
3/04/2018,9,23,31,37,45,47,19,3
2/04/2018,1,8,25,28,31,33,7,7
31/03/2018,15,22,28,29,40,48,2,5
30/03/2018,1,5,7,14,23,32,43,0
29/03/2018,9,16,25,36,37,38,23,8
28/03/2018,2,9,14,21,27,48,41,7
27/03/2018,18,22,28,33,35,38,11,7
26/03/2018,1,13,20,26,41,48,19,4
24/03/2018,23,27,29,39,43,48,21,3
23/03/2018,8,19,24,26,33,37,25,7
22/03/2018,19,26,34,35,43,45,22,8
21/03/2018,4,6,23,33,40,41,14,1
20/03/2018,2,6,18,19,25,30,31,2
19/03/2018,4,7,20,24,26,45,46,2
17/03/2018,4,9,23,31,37,45,30,8
16/03/2018,5,11,15,18,20,21,44,2
15/03/2018,6,9,16,19,37,39,49,6
14/03/2018,11,14,33,35,38,48,45,3
13/03/2018,27,31,33,37,44,46,6,0
12/03/2018,2,23,24,31,33,39,20,4
10/03/2018,10,14,26,43,46,48,29,3
9/03/2018,5,23,25,33,37,49,8,0
8/03/2018,6,16,23,29,46,47,10,7
7/03/2018,1,3,10,23,30,48,8,3
6/03/2018,11,23,25,32,46,49,30,1
5/03/2018,1,15,23,24,36,49,31,0
3/03/2018,1,5,6,16,24,29,34,2
2/03/2018,21,28,30,37,43,45,39,8
1/03/2018,19,33,35,36,38,39,11,1
28/02/2018,3,4,30,39,45,47,15,4
27/02/2018,15,27,37,39,43,49,19,2
26/02/2018,5,6,14,27,46,47,48,7
24/02/2018,1,18,33,38,48,49,29,0
23/02/2018,13,18,21,24,28,37,41,1
22/02/2018,2,14,18,23,42,47,24,7
21/02/2018,4,9,25,32,42,46,18,1
20/02/2018,13,23,25,34,37,48,14,4
19/02/2018,7,12,22,25,32,41,18,2
17/02/2018,1,8,15,37,42,44,48,2
16/02/2018,9,21,22,30,34,43,36,4
15/02/2018,3,12,18,26,28,37,30,9
14/02/2018,1,10,25,27,32,39,19,5
13/02/2018,9,18,23,34,39,49,45,4
12/02/2018,8,10,16,18,20,41,11,9
10/02/2018,2,22,40,42,45,48,34,3
9/02/2018,10,11,12,31,33,34,37,3
8/02/2018,12,27,35,38,47,48,25,9
7/02/2018,9,17,20,40,43,46,24,9
6/02/2018,1,2,10,19,22,32,30,7
5/02/2018,15,18,29,36,37,46,10,5
3/02/2018,8,17,34,45,48,49,19,9
2/02/2018,3,16,26,27,44,46,2,0
1/02/2018,10,15,16,22,27,29,24,6
31/01/2018,4,9,14,27,34,36,32,7
30/01/2018,4,11,13,28,45,47,23,3
29/01/2018,1,14,31,36,38,40,18,8
27/01/2018,2,13,27,34,41,46,1,4
26/01/2018,3,7,22,35,41,44,34,6
25/01/2018,1,3,10,23,46,47,35,9
24/01/2018,6,20,31,40,44,46,49,3
23/01/2018,2,14,20,40,47,49,22,2
22/01/2018,3,12,14,15,21,28,17,7
20/01/2018,2,19,28,35,37,43,25,8
19/01/2018,13,18,30,31,37,40,36,8
18/01/2018,10,15,20,25,39,41,11,1
17/01/2018,11,15,18,34,39,41,21,0
16/01/2018,2,10,19,30,32,34,3,8
15/01/2018,9,18,24,28,35,41,49,0
13/01/2018,20,21,22,24,34,44,4,5
12/01/2018,12,19,21,24,25,31,29,0
11/01/2018,8,10,13,16,24,38,19,7
10/01/2018,1,12,15,21,31,45,17,4
9/01/2018,7,23,24,29,34,47,6,6
8/01/2018,2,14,16,25,46,49,39,0
6/01/2018,1,5,11,16,27,31,24,2
5/01/2018,9,17,19,25,38,42,48,7
4/01/2018,9,23,26,32,35,40,39,9
3/01/2018,7,10,13,25,30,31,1,8
2/01/2018,2,16,17,31,35,48,46,9
1/01/2018,1,12,17,21,25,27,9,8
30/12/2017,4,9,26,28,37,43,21,0
29/12/2017,11,17,18,34,35,37,29,0
28/12/2017,13,18,21,24,33,41,23,0
27/12/2017,2,8,14,21,24,36,1,3
26/12/2017,17,23,27,45,48,49,44,2
25/12/2017,3,18,20,35,38,46,7,0
23/12/2017,23,28,30,38,45,48,32,1
22/12/2017,3,14,16,17,31,46,2,9
21/12/2017,10,22,23,25,36,37,15,4
20/12/2017,24,28,36,38,41,42,1,6
19/12/2017,2,19,23,33,35,45,20,5
18/12/2017,20,32,33,45,47,49,19,3
16/12/2017,13,27,34,35,42,48,45,1
15/12/2017,8,10,15,27,41,43,30,7
14/12/2017,15,20,23,24,34,46,45,0
13/12/2017,11,12,33,36,37,44,4,8
12/12/2017,2,3,9,16,48,49,18,8
11/12/2017,3,22,27,32,33,45,29,5
9/12/2017,2,21,26,32,44,46,20,8
8/12/2017,5,9,10,14,41,42,46,8
7/12/2017,12,16,19,23,32,49,3,8
6/12/2017,21,27,29,39,44,45,14,2
5/12/2017,2,9,10,23,33,42,1,7
4/12/2017,5,30,36,38,41,45,20,5
2/12/2017,3,16,19,27,31,37,23,2
1/12/2017,9,17,19,23,37,44,38,2
30/11/2017,4,6,15,21,33,47,13,2
29/11/2017,3,7,9,14,29,40,22,2
28/11/2017,1,4,23,25,28,48,33,7
27/11/2017,4,6,7,12,16,23,1,1
25/11/2017,5,8,25,29,34,40,2,7
24/11/2017,4,6,23,31,44,45,3,4
23/11/2017,7,14,18,21,23,49,9,9
22/11/2017,4,13,16,22,32,36,30,6
21/11/2017,7,32,34,35,41,49,30,1
20/11/2017,10,19,29,34,40,42,43,6
18/11/2017,16,20,36,37,38,39,5,3
17/11/2017,9,10,33,40,41,42,21,3
16/11/2017,7,15,17,30,32,42,43,4
15/11/2017,2,10,37,39,45,46,48,9
14/11/2017,8,9,14,36,37,39,7,0
13/11/2017,2,19,40,45,47,48,28,0
11/11/2017,11,13,15,24,36,43,19,6
10/11/2017,6,24,32,46,47,48,4,6
9/11/2017,1,9,10,19,23,28,45,8
8/11/2017,12,18,21,29,39,48,43,3
7/11/2017,7,8,13,29,35,36,28,5
6/11/2017,5,19,42,43,46,49,41,6
4/11/2017,3,6,23,28,40,42,22,3
3/11/2017,2,6,10,27,44,47,42,0
2/11/2017,1,8,13,19,21,40,2,4
1/11/2017,3,26,35,36,44,48,7,8
31/10/2017,7,12,13,14,24,47,20,7
30/10/2017,1,2,15,34,43,49,41,5
28/10/2017,5,9,19,26,29,34,27,0
27/10/2017,7,11,19,21,33,35,43,3
26/10/2017,4,30,33,36,39,44,46,7
25/10/2017,4,10,28,36,45,48,41,3
24/10/2017,1,15,19,25,33,38,8,0
23/10/2017,18,21,40,42,46,48,22,2
21/10/2017,17,21,34,35,45,48,22,4
20/10/2017,11,13,20,29,36,37,6,8
19/10/2017,3,6,14,27,31,32,34,6
18/10/2017,3,13,19,32,34,43,33,1
17/10/2017,1,2,21,36,39,46,48,5
16/10/2017,1,5,11,12,23,36,22,7
14/10/2017,2,24,30,33,34,38,43,8
13/10/2017,1,2,5,8,22,37,28,2
12/10/2017,1,21,39,40,41,45,23,8
11/10/2017,5,19,21,30,36,47,41,1
10/10/2017,10,27,31,32,38,49,46,9
9/10/2017,4,11,35,44,45,48,37,8
7/10/2017,2,3,15,27,36,48,22,5
6/10/2017,4,18,26,30,39,47,22,4
5/10/2017,19,23,39,46,48,49,24,2
4/10/2017,2,7,17,20,22,46,40,5
3/10/2017,11,28,30,36,39,45,15,8
2/10/2017,2,11,22,31,34,44,15,0
30/09/2017,1,4,6,25,30,45,24,1
29/09/2017,1,14,21,27,44,45,30,5
28/09/2017,1,4,16,28,32,42,40,2
27/09/2017,12,19,25,40,43,47,20,0
26/09/2017,13,15,18,29,30,44,38,5
25/09/2017,1,24,25,32,34,41,36,1
23/09/2017,17,26,37,44,45,49,21,1
22/09/2017,1,12,19,28,37,48,23,7
21/09/2017,5,6,13,30,33,43,31,4
20/09/2017,6,23,25,31,33,40,11,7
19/09/2017,1,8,9,22,23,31,29,2
18/09/2017,1,7,11,20,37,42,33,3
16/09/2017,4,19,21,23,29,42,8,3
15/09/2017,13,24,41,42,48,49,10,1
14/09/2017,1,9,28,30,41,44,12,2
13/09/2017,3,17,20,25,30,48,7,1
12/09/2017,3,19,27,39,40,43,1,5
11/09/2017,15,20,28,32,46,49,3,3
9/09/2017,23,25,34,35,37,42,49,4
8/09/2017,1,12,27,32,37,40,15,0
7/09/2017,2,14,20,26,36,37,28,0
6/09/2017,6,9,10,22,37,43,33,0
5/09/2017,15,16,18,29,45,48,40,9
4/09/2017,3,24,32,35,43,48,2,5
2/09/2017,2,4,6,18,35,48,31,8
1/09/2017,23,33,34,36,38,39,40,6
31/08/2017,3,22,23,27,41,42,48,8
30/08/2017,6,11,15,22,34,36,27,1
29/08/2017,4,8,19,21,32,43,29,6
28/08/2017,8,15,27,33,42,46,2,7
26/08/2017,4,5,11,12,22,40,26,6
25/08/2017,3,7,18,22,28,32,20,4
24/08/2017,5,15,18,31,36,43,41,2
23/08/2017,1,7,9,16,23,45,20,2
22/08/2017,16,18,30,33,39,47,26,6
21/08/2017,5,25,27,30,31,40,37,7
19/08/2017,6,11,12,13,24,47,8,3
18/08/2017,4,16,19,22,25,32,41,4
17/08/2017,9,15,19,28,39,47,27,0
16/08/2017,9,24,31,33,38,46,22,1
15/08/2017,7,13,23,30,37,49,4,3
14/08/2017,18,19,27,30,33,39,10,4
12/08/2017,3,4,7,18,24,34,42,9
11/08/2017,5,7,30,43,45,48,42,1
10/08/2017,1,26,36,38,42,44,48,6
9/08/2017,4,20,25,30,47,48,8,5
8/08/2017,5,12,16,19,36,48,1,1
7/08/2017,8,13,22,34,35,45,9,3
5/08/2017,5,8,16,29,30,41,2,7
4/08/2017,11,16,22,34,43,49,18,7
3/08/2017,4,9,20,21,26,40,34,1
2/08/2017,9,17,21,22,32,34,7,8
1/08/2017,9,11,12,14,19,26,35,4
31/07/2017,1,6,12,13,22,36,27,1
29/07/2017,16,19,22,42,46,48,4,1
28/07/2017,1,14,19,22,31,43,4,4
27/07/2017,2,12,18,20,26,28,13,1
26/07/2017,6,13,15,17,28,33,47,6
25/07/2017,7,12,18,28,39,45,1,4
24/07/2017,7,12,15,28,39,48,23,9
22/07/2017,11,12,15,29,44,46,14,6
21/07/2017,2,18,29,35,37,44,10,5
20/07/2017,13,27,29,36,47,48,40,4
19/07/2017,2,4,10,14,26,37,38,0
18/07/2017,2,6,10,21,28,47,37,1
17/07/2017,13,23,25,34,36,49,44,3
15/07/2017,1,19,30,31,37,42,44,9
14/07/2017,2,8,15,32,43,48,35,9
13/07/2017,9,20,27,30,36,47,18,6
12/07/2017,1,7,14,19,35,39,37,8
11/07/2017,4,12,14,15,23,46,17,7
10/07/2017,7,19,21,23,26,47,48,4
8/07/2017,31,39,43,45,48,49,38,9
7/07/2017,15,19,22,35,44,46,48,5
6/07/2017,1,10,33,37,40,47,28,1
5/07/2017,4,10,15,17,26,28,47,1
4/07/2017,3,5,7,18,35,44,47,0
3/07/2017,15,20,25,43,46,48,5,7
1/07/2017,10,14,17,27,31,48,41,9
30/06/2017,11,20,25,36,40,42,2,6
29/06/2017,3,4,5,12,20,29,22,8
28/06/2017,2,3,31,41,46,49,25,1
27/06/2017,2,3,30,35,36,40,11,5
26/06/2017,5,15,20,32,37,38,46,4
24/06/2017,16,30,31,37,38,41,39,8
23/06/2017,2,3,12,15,29,30,24,3
22/06/2017,1,2,23,25,37,49,40,9
21/06/2017,6,11,18,34,40,41,39,7
20/06/2017,2,16,21,23,25,26,18,2
19/06/2017,2,11,19,29,35,49,37,7
17/06/2017,11,16,27,28,32,41,44,1
16/06/2017,16,21,31,33,39,42,12,1
15/06/2017,13,14,23,26,40,46,10,7
14/06/2017,2,3,12,37,43,47,30,5
13/06/2017,5,8,10,41,46,48,37,1
12/06/2017,4,5,24,41,42,45,7,5
10/06/2017,6,13,24,29,41,49,30,1
9/06/2017,9,28,37,39,41,45,31,3
8/06/2017,1,8,12,15,21,37,26,4
7/06/2017,2,5,13,16,31,35,33,0
6/06/2017,4,11,16,33,36,47,14,5
5/06/2017,6,8,18,33,45,49,44,3
3/06/2017,3,26,32,43,44,48,24,1
2/06/2017,8,19,23,31,39,43,13,3
1/06/2017,13,28,30,34,37,42,41,8
31/05/2017,19,23,24,26,27,34,18,6
30/05/2017,6,10,12,22,45,47,13,5
29/05/2017,5,6,11,12,40,48,39,6
27/05/2017,2,4,20,24,29,45,30,2
26/05/2017,2,6,13,29,31,36,20,0
25/05/2017,1,13,15,25,36,45,2,3
24/05/2017,3,11,12,14,29,33,30,5
23/05/2017,1,23,28,41,48,49,13,5
22/05/2017,1,7,14,15,20,24,42,3
20/05/2017,2,26,29,32,39,42,1,7
19/05/2017,5,12,24,26,42,46,43,6
18/05/2017,12,21,37,40,41,46,16,2
17/05/2017,3,4,10,11,42,46,49,7
16/05/2017,9,15,27,36,42,49,37,4
15/05/2017,6,8,21,25,29,37,32,0
13/05/2017,14,16,17,24,32,38,28,1
12/05/2017,5,13,20,26,42,44,22,2
11/05/2017,5,23,24,36,43,49,17,3
10/05/2017,1,2,33,40,42,49,36,4
9/05/2017,20,21,24,37,38,41,26,8
8/05/2017,1,12,22,37,39,42,6,7
6/05/2017,1,7,18,25,35,48,5,8
5/05/2017,5,10,13,17,33,40,47,4
4/05/2017,5,7,10,23,36,41,22,4
3/05/2017,13,25,27,33,34,38,19,9
2/05/2017,2,17,25,27,35,43,37,2
1/05/2017,9,12,15,19,38,46,4,4
29/04/2017,10,19,22,24,43,44,23,0
28/04/2017,5,9,15,17,21,47,20,2
27/04/2017,11,40,42,45,46,49,27,3
26/04/2017,12,14,20,34,39,40,27,2
25/04/2017,5,9,12,13,39,41,45,8
24/04/2017,16,22,25,31,38,48,46,6
22/04/2017,12,35,37,41,47,48,17,9
21/04/2017,2,5,9,16,37,40,10,5
20/04/2017,22,23,30,38,45,49,46,3
19/04/2017,1,4,6,19,21,47,43,0
18/04/2017,17,23,29,37,47,48,9,9
17/04/2017,11,14,19,37,38,43,10,1
15/04/2017,2,9,16,32,40,47,48,3
14/04/2017,6,10,15,21,26,49,39,7
13/04/2017,3,22,25,39,40,47,38,4
12/04/2017,8,12,29,31,40,48,10,9
11/04/2017,1,7,10,15,17,34,5,6
10/04/2017,5,7,16,18,24,25,19,0
8/04/2017,10,29,36,43,45,49,48,4
7/04/2017,6,9,13,27,34,48,21,6
6/04/2017,3,6,14,17,35,49,32,4
5/04/2017,9,10,11,21,33,35,17,6
4/04/2017,3,7,8,10,26,49,4,8
3/04/2017,4,8,15,23,34,35,25,9
1/04/2017,1,3,13,21,22,28,9,3
31/03/2017,14,15,16,19,28,43,21,5
30/03/2017,10,11,12,14,18,27,13,0
29/03/2017,9,14,15,27,28,31,35,9
28/03/2017,5,11,14,32,41,44,25,0
27/03/2017,13,14,16,28,30,40,33,6
25/03/2017,7,18,25,37,40,45,34,5
24/03/2017,4,7,11,26,28,39,17,4
23/03/2017,12,16,17,18,39,40,23,1
22/03/2017,14,18,24,30,34,49,20,0
21/03/2017,1,12,13,16,19,24,4,8
20/03/2017,13,15,18,21,22,26,40,8
18/03/2017,1,7,14,38,42,48,32,5
17/03/2017,17,21,36,41,43,49,15,4
16/03/2017,2,11,12,14,40,44,20,9
15/03/2017,4,22,23,28,31,40,14,5
14/03/2017,3,4,19,28,30,44,33,6
13/03/2017,11,14,16,40,44,46,22,9
11/03/2017,31,35,37,40,41,45,39,5
10/03/2017,5,11,21,23,33,43,9,2
9/03/2017,14,24,25,28,29,44,22,6
8/03/2017,5,6,12,31,37,40,35,4
7/03/2017,1,5,6,35,37,42,48,8
6/03/2017,4,22,28,30,40,44,16,7
4/03/2017,1,8,14,17,31,46,4,1
3/03/2017,6,16,21,32,40,48,33,5
2/03/2017,4,6,7,9,44,48,22,8
1/03/2017,11,26,27,31,42,48,3,9
28/02/2017,9,12,17,21,29,38,2,7
27/02/2017,6,15,21,36,42,44,1,5
25/02/2017,9,26,30,33,37,47,41,8
24/02/2017,4,18,25,34,48,49,41,9
23/02/2017,3,23,29,42,43,44,35,9
22/02/2017,7,11,12,13,20,28,47,1
21/02/2017,4,15,16,17,30,31,19,8
20/02/2017,2,25,27,32,42,49,17,9
18/02/2017,8,13,18,25,41,44,22,6
17/02/2017,3,12,15,23,42,46,29,4
16/02/2017,5,15,16,26,29,34,9,8
15/02/2017,1,19,20,27,34,44,33,7
14/02/2017,20,36,38,42,46,49,3,1
13/02/2017,2,4,7,36,38,41,44,3
11/02/2017,23,26,28,34,37,46,32,6
10/02/2017,11,20,24,28,29,39,3,7
9/02/2017,3,22,31,37,42,48,36,6
8/02/2017,2,3,12,15,26,39,1,5
7/02/2017,1,16,26,27,43,44,20,9
6/02/2017,6,23,27,32,42,43,17,9
4/02/2017,3,6,16,19,30,44,21,3
3/02/2017,14,17,19,22,24,49,41,7
2/02/2017,5,20,32,36,40,41,8,6
1/02/2017,3,9,11,15,22,26,21,3
31/01/2017,1,10,11,30,37,42,18,9
30/01/2017,2,11,21,26,33,36,7,8
28/01/2017,3,5,17,19,30,32,25,2
27/01/2017,3,7,33,40,46,49,29,4
26/01/2017,5,8,10,20,32,43,13,9
25/01/2017,2,11,26,29,34,42,10,5
24/01/2017,3,8,12,15,29,42,25,5
23/01/2017,1,5,7,12,14,48,31,9
21/01/2017,8,15,21,42,43,47,7,7
20/01/2017,2,6,13,25,32,40,41,9
19/01/2017,8,9,10,30,44,46,13,8
18/01/2017,5,8,26,29,32,47,3,5
17/01/2017,2,10,29,30,34,46,19,6
16/01/2017,19,20,25,28,29,47,15,0
14/01/2017,1,13,16,25,30,41,18,6
13/01/2017,6,11,19,27,41,44,5,7
12/01/2017,2,15,16,25,36,38,29,3
11/01/2017,1,22,24,38,41,43,33,4
10/01/2017,1,18,28,40,44,47,42,6
9/01/2017,4,18,29,41,45,48,1,6
7/01/2017,22,23,28,35,39,42,17,7
6/01/2017,8,11,20,24,28,29,42,9
5/01/2017,2,16,24,25,33,46,45,4
4/01/2017,7,16,17,20,29,36,12,1
3/01/2017,5,6,15,39,43,48,27,0
2/01/2017,8,25,27,31,33,38,4,3
31/12/2016,3,21,22,24,38,45,23,4
30/12/2016,8,21,25,33,35,45,4,5
29/12/2016,11,12,19,30,40,48,34,8
28/12/2016,2,9,16,25,31,36,34,0
27/12/2016,12,13,22,23,47,48,5,1
26/12/2016,3,9,17,20,25,26,19,2
24/12/2016,10,21,26,33,36,37,27,9
23/12/2016,21,27,30,40,43,47,9,5
22/12/2016,8,10,28,36,42,43,24,3
21/12/2016,3,20,26,27,44,46,1,0
20/12/2016,15,20,23,35,41,47,10,4
19/12/2016,12,25,28,36,45,47,22,8
17/12/2016,2,4,12,17,33,46,14,8
16/12/2016,4,5,13,18,20,32,3,4
15/12/2016,10,11,21,23,43,45,8,7
14/12/2016,16,19,27,40,46,49,47,8
13/12/2016,9,19,38,45,47,48,11,7
12/12/2016,3,7,31,35,42,49,24,4
10/12/2016,17,18,23,37,41,45,7,8
9/12/2016,25,26,30,34,37,40,48,4
8/12/2016,8,11,21,29,32,41,7,9
7/12/2016,2,8,15,33,34,38,1,9
6/12/2016,6,10,11,17,23,27,39,1
5/12/2016,2,5,9,13,32,34,37,4
3/12/2016,4,8,24,41,43,45,44,3
2/12/2016,3,22,27,28,38,40,31,6
1/12/2016,2,25,28,33,37,48,38,1
30/11/2016,11,14,28,37,40,49,31,2
29/11/2016,1,7,9,14,16,30,12,2
28/11/2016,7,20,21,30,45,49,31,5
26/11/2016,10,27,28,29,40,46,24,1
25/11/2016,9,10,15,22,37,46,47,9
24/11/2016,9,23,37,40,41,48,4,8
23/11/2016,14,34,42,43,45,49,19,9
22/11/2016,8,14,16,36,37,42,28,4
21/11/2016,5,7,9,15,32,40,34,1
19/11/2016,2,8,9,13,22,25,45,3
18/11/2016,10,13,18,40,45,46,42,5
17/11/2016,9,19,22,28,30,37,3,8
16/11/2016,2,25,28,36,39,48,43,8
15/11/2016,10,24,25,42,44,47,20,5
14/11/2016,4,23,37,38,46,48,33,8
12/11/2016,1,8,21,32,34,41,26,5
11/11/2016,11,12,37,40,42,43,7,9
10/11/2016,30,34,39,45,46,49,3,6
9/11/2016,4,10,14,31,37,43,24,1
8/11/2016,18,20,36,41,48,49,9,6
7/11/2016,2,3,12,28,45,47,34,6
5/11/2016,8,14,20,35,36,47,17,1
4/11/2016,3,13,14,24,31,36,23,7
3/11/2016,1,2,25,30,31,42,29,3
2/11/2016,5,34,39,42,46,49,17,1
1/11/2016,4,6,9,21,30,42,5,7
31/10/2016,5,7,8,33,38,42,49,4
29/10/2016,4,5,6,10,26,46,35,9
28/10/2016,3,20,26,33,42,49,12,5
27/10/2016,12,13,15,16,22,37,3,8
26/10/2016,5,10,23,29,37,49,16,9
25/10/2016,3,13,21,22,36,46,4,1
24/10/2016,3,12,13,16,33,36,32,5
22/10/2016,9,16,22,31,33,36,32,9
21/10/2016,9,12,28,31,34,36,45,9
20/10/2016,1,6,10,11,18,41,15,5
19/10/2016,1,5,15,20,29,32,40,8
18/10/2016,6,9,24,31,35,40,25,5
17/10/2016,10,13,15,19,25,43,26,3
15/10/2016,8,10,12,14,26,41,25,4
14/10/2016,2,15,22,32,46,48,37,8
13/10/2016,18,22,23,34,36,47,26,8
12/10/2016,6,9,21,24,36,49,2,2
11/10/2016,7,8,22,24,27,36,30,6
10/10/2016,2,6,18,22,40,42,45,3
8/10/2016,5,22,25,30,33,36,37,0
7/10/2016,8,11,20,25,34,48,21,9
6/10/2016,13,14,22,23,25,40,30,6
5/10/2016,3,17,22,30,36,40,24,0
4/10/2016,1,3,16,32,46,48,43,2
3/10/2016,2,3,5,7,22,44,4,7
1/10/2016,12,16,19,23,24,37,9,0
30/09/2016,4,7,9,40,41,43,2,9
29/09/2016,1,12,24,29,42,48,25,5
28/09/2016,5,6,17,20,32,47,42,5
27/09/2016,4,10,12,17,31,34,24,3
26/09/2016,4,6,13,18,29,36,33,1
24/09/2016,2,5,10,12,20,29,42,2
23/09/2016,1,2,8,17,26,47,12,1
22/09/2016,8,9,10,18,30,33,19,9
21/09/2016,6,9,13,26,29,31,11,1
20/09/2016,4,10,18,19,22,25,45,2
19/09/2016,3,20,21,24,30,47,11,0
17/09/2016,4,11,17,23,37,49,7,1
16/09/2016,3,4,20,37,41,48,22,8
15/09/2016,2,11,19,26,36,44,42,3
14/09/2016,4,20,26,27,42,44,41,5
13/09/2016,1,2,15,18,22,34,37,5
12/09/2016,1,17,23,27,39,48,36,8
10/09/2016,2,11,21,25,42,43,20,4
9/09/2016,2,8,11,28,41,43,13,0
8/09/2016,13,14,17,26,33,45,27,3
7/09/2016,6,8,12,16,24,44,7,8
6/09/2016,5,7,8,18,20,24,2,4
5/09/2016,10,11,13,27,31,47,41,6
3/09/2016,14,29,41,43,44,48,46,4
2/09/2016,10,11,15,29,35,41,27,7
1/09/2016,12,16,31,41,44,49,13,0
31/08/2016,2,4,5,10,18,43,24,9
30/08/2016,7,10,11,15,36,42,30,4
29/08/2016,1,2,14,20,29,32,21,2
27/08/2016,4,9,25,27,41,49,30,3
26/08/2016,6,11,16,18,25,47,28,8
25/08/2016,10,12,26,32,34,44,27,6
24/08/2016,4,12,14,16,22,28,6,4
23/08/2016,10,12,19,32,35,49,26,6
22/08/2016,22,24,26,29,40,43,1,4
20/08/2016,13,19,25,29,34,46,1,7
19/08/2016,5,9,20,23,30,35,47,2
18/08/2016,15,16,19,33,40,41,23,0
17/08/2016,13,21,23,28,31,46,26,1
16/08/2016,3,18,30,33,35,37,7,4
15/08/2016,14,20,31,32,41,48,38,6
13/08/2016,12,15,32,44,45,46,8,5
12/08/2016,7,9,13,15,17,37,32,8
11/08/2016,2,18,22,25,28,45,37,3
10/08/2016,7,12,18,34,38,41,26,2
9/08/2016,2,7,8,9,20,34,31,3
8/08/2016,1,3,7,9,25,38,31,4
6/08/2016,1,22,24,26,36,45,31,9
5/08/2016,1,6,9,29,41,43,8,7
4/08/2016,8,20,32,39,43,45,17,3
3/08/2016,5,15,17,36,38,44,35,0
2/08/2016,8,9,14,27,35,48,38,7
1/08/2016,5,9,14,36,48,49,28,3
30/07/2016,12,19,22,31,34,41,30,5
29/07/2016,20,29,31,38,42,49,8,6
28/07/2016,18,28,32,45,47,49,26,3
27/07/2016,3,8,16,23,42,46,35,3
26/07/2016,10,13,27,29,31,37,3,8
25/07/2016,2,3,9,21,35,47,30,5
23/07/2016,12,13,26,38,39,47,16,8
22/07/2016,1,3,38,39,48,49,27,6
21/07/2016,3,4,11,20,31,32,2,8
20/07/2016,8,11,13,25,37,40,48,4
19/07/2016,4,10,11,18,30,44,13,7
18/07/2016,5,13,15,21,41,42,33,4
16/07/2016,3,21,25,29,32,46,12,3
15/07/2016,4,11,17,28,45,48,14,3
14/07/2016,4,16,28,29,39,47,49,0
13/07/2016,3,17,25,29,34,36,10,9
12/07/2016,6,14,20,31,45,46,10,1
11/07/2016,4,13,29,30,39,46,45,9
9/07/2016,7,9,19,20,38,46,18,9
8/07/2016,8,11,12,15,21,42,17,7
7/07/2016,1,3,7,17,29,30,39,1
6/07/2016,3,18,28,37,41,45,26,8
5/07/2016,9,11,16,28,29,42,8,2
4/07/2016,15,20,32,33,39,48,4,8
2/07/2016,2,18,19,23,26,45,28,0
1/07/2016,15,16,17,28,39,44,5,9
30/06/2016,1,7,23,25,40,49,28,9
29/06/2016,6,9,13,18,32,38,30,8
28/06/2016,2,8,11,20,22,35,1,1
27/06/2016,16,27,28,35,40,43,20,3
25/06/2016,18,19,34,38,39,42,32,4
24/06/2016,11,12,30,32,45,49,18,7
23/06/2016,1,25,28,35,48,49,16,1
22/06/2016,6,9,20,22,31,45,40,0
21/06/2016,2,9,13,23,35,47,30,7
20/06/2016,2,9,11,12,24,29,21,0
18/06/2016,10,31,41,46,47,49,39,1
17/06/2016,12,19,29,36,41,46,8,1
16/06/2016,5,31,34,39,43,45,11,2
15/06/2016,9,11,14,18,32,45,5,4
14/06/2016,1,4,5,15,25,33,28,4
13/06/2016,9,12,38,41,45,47,21,7
11/06/2016,1,5,21,36,37,45,43,8
10/06/2016,1,2,16,20,25,42,28,0
9/06/2016,2,10,32,40,41,45,49,2
8/06/2016,2,6,14,28,31,34,29,5
7/06/2016,3,35,38,39,45,47,20,0
6/06/2016,13,21,22,30,37,45,43,9
4/06/2016,2,5,6,16,29,36,28,9
3/06/2016,4,11,14,19,33,36,45,1
2/06/2016,17,22,26,29,34,41,24,2
1/06/2016,4,18,31,42,46,49,45,1
31/05/2016,7,11,18,24,35,36,37,6
30/05/2016,5,20,24,26,41,45,28,0
28/05/2016,15,22,25,28,29,36,12,6
27/05/2016,1,11,15,19,36,49,26,2
26/05/2016,8,9,20,33,38,42,3,1
25/05/2016,13,24,33,39,41,43,11,3
24/05/2016,8,22,33,38,39,45,18,7
23/05/2016,7,26,33,34,40,44,37,2
21/05/2016,1,17,29,33,42,47,3,3
20/05/2016,6,10,16,18,21,26,22,5
19/05/2016,3,9,15,19,28,31,42,9
18/05/2016,2,18,19,22,33,38,6,6
17/05/2016,5,9,19,29,44,48,13,1
16/05/2016,4,24,26,27,38,40,32,3
14/05/2016,13,17,20,24,34,45,32,8
13/05/2016,9,23,24,39,42,46,10,7
12/05/2016,9,23,27,28,29,41,5,6
11/05/2016,5,14,22,29,45,49,42,4
10/05/2016,16,17,27,35,40,42,10,5
9/05/2016,2,10,13,34,45,49,18,7
7/05/2016,2,6,12,21,22,40,43,5
6/05/2016,8,13,25,34,36,46,14,8
5/05/2016,2,15,32,33,40,47,20,7
4/05/2016,2,5,23,33,38,45,9,7
3/05/2016,6,9,26,31,40,47,37,2
2/05/2016,3,4,36,38,44,47,24,7
30/04/2016,3,5,22,33,42,44,41,9
29/04/2016,8,10,15,22,45,46,23,2
28/04/2016,17,24,25,37,43,46,3,1
27/04/2016,11,21,23,31,40,46,48,1
26/04/2016,19,27,30,34,36,44,48,4
25/04/2016,7,11,12,21,31,37,30,9
23/04/2016,4,8,11,25,39,47,6,1
22/04/2016,11,13,15,27,35,37,44,2
21/04/2016,1,15,20,28,29,45,2,8
20/04/2016,7,19,29,35,40,49,3,1
19/04/2016,12,33,37,39,44,45,25,3
18/04/2016,5,21,26,27,38,42,39,5
16/04/2016,1,7,9,14,26,47,42,9
15/04/2016,12,14,27,34,38,39,5,8
14/04/2016,5,9,10,11,24,48,45,8
13/04/2016,2,3,16,22,32,46,10,9
12/04/2016,1,9,29,37,42,47,28,5
11/04/2016,7,29,33,34,46,47,9,8
9/04/2016,4,20,31,33,43,46,30,1
8/04/2016,4,7,8,23,44,45,27,0
7/04/2016,21,26,29,34,39,48,47,9
6/04/2016,23,25,28,29,31,49,3,2
5/04/2016,22,24,32,35,38,46,13,2
4/04/2016,11,21,26,40,43,44,38,7
2/04/2016,2,11,15,24,40,48,21,0
1/04/2016,5,9,20,35,38,40,45,8
31/03/2016,7,10,32,36,37,40,46,5
30/03/2016,7,13,21,28,35,47,4,0
29/03/2016,5,7,9,20,46,49,44,2
28/03/2016,14,18,31,36,44,46,32,3
26/03/2016,8,11,12,19,31,39,15,7
25/03/2016,1,2,18,23,30,48,24,8
24/03/2016,5,27,30,36,41,48,22,1
23/03/2016,8,17,24,26,33,39,9,0
22/03/2016,20,24,34,37,38,40,26,9
21/03/2016,11,17,27,29,34,39,35,2
19/03/2016,9,14,17,20,27,40,46,3
18/03/2016,11,30,32,35,42,46,36,3
17/03/2016,2,14,16,25,39,40,17,0
16/03/2016,10,14,23,30,42,47,36,3
15/03/2016,5,10,25,44,45,47,34,9
14/03/2016,6,9,19,24,35,45,14,8
12/03/2016,19,23,24,26,34,37,27,3
11/03/2016,5,8,18,30,33,36,13,4
10/03/2016,5,6,19,20,28,37,22,0
9/03/2016,2,11,13,14,19,24,42,6
8/03/2016,3,6,8,24,29,31,15,9
7/03/2016,3,5,6,31,33,37,47,2
5/03/2016,7,13,17,26,33,40,22,7
4/03/2016,3,7,10,14,16,39,36,5
3/03/2016,10,12,15,16,22,40,4,9
2/03/2016,15,18,31,35,43,48,30,1
1/03/2016,11,19,28,30,31,44,27,9
29/02/2016,3,11,20,23,41,48,30,9
27/02/2016,7,10,11,19,25,34,26,5
26/02/2016,10,14,19,21,29,45,17,5
25/02/2016,4,9,21,22,31,37,19,8
24/02/2016,3,14,28,31,37,48,22,3
23/02/2016,19,28,31,34,35,48,47,9
22/02/2016,2,12,18,34,42,44,9,6
20/02/2016,1,6,21,24,35,42,19,5
19/02/2016,10,22,24,31,37,46,43,9
18/02/2016,6,10,11,38,41,43,17,1
17/02/2016,4,11,16,17,27,34,20,7
16/02/2016,5,35,37,40,46,49,26,1
15/02/2016,3,9,12,17,33,48,22,1
13/02/2016,3,5,7,10,17,48,43,3
12/02/2016,8,22,28,29,34,39,35,4
11/02/2016,4,5,10,15,35,47,22,7
10/02/2016,2,21,23,28,29,45,30,6
9/02/2016,6,7,21,24,25,40,30,0
8/02/2016,1,4,9,10,26,32,18,5
6/02/2016,6,9,18,20,23,32,42,7
5/02/2016,16,24,34,41,42,43,25,2
4/02/2016,4,8,23,30,42,47,24,8
3/02/2016,25,35,36,40,43,45,30,3
2/02/2016,4,6,14,31,33,46,27,8
1/02/2016,8,20,37,40,44,45,47,9
30/01/2016,3,5,8,28,32,33,10,6
29/01/2016,2,24,28,37,42,44,30,8
28/01/2016,6,16,17,18,26,47,33,3
27/01/2016,2,10,12,16,22,23,20,1
26/01/2016,18,24,29,31,35,44,49,5
25/01/2016,4,7,19,21,28,32,36,1
23/01/2016,9,19,21,23,27,30,11,9
22/01/2016,7,8,10,34,35,36,48,8
21/01/2016,17,19,24,28,33,37,9,7
20/01/2016,30,31,32,39,42,45,19,3
19/01/2016,9,11,18,20,21,44,29,6
18/01/2016,16,17,23,27,34,40,49,5
16/01/2016,5,8,27,29,36,41,44,1
15/01/2016,3,14,18,21,22,29,13,1
14/01/2016,3,30,32,37,45,49,27,5
13/01/2016,12,14,18,24,25,41,5,9
12/01/2016,1,11,16,40,42,48,12,4
11/01/2016,11,21,32,36,43,46,29,6
9/01/2016,20,31,33,37,44,48,49,6
8/01/2016,5,9,15,22,35,46,36,9
7/01/2016,11,17,30,33,38,48,24,6
6/01/2016,8,16,20,37,43,48,49,2
5/01/2016,3,4,8,12,19,24,14,1
4/01/2016,12,18,35,36,37,48,40,9
2/01/2016,3,8,16,21,23,43,24,2
1/01/2016,2,4,12,13,24,46,26,7
31/12/2015,5,15,20,25,43,48,34,9
30/12/2015,3,18,27,33,34,42,13,6
29/12/2015,5,7,13,30,34,45,46,2
28/12/2015,8,12,27,35,36,48,6,9
26/12/2015,2,18,24,35,38,44,23,6
25/12/2015,2,5,19,21,27,49,22,3
24/12/2015,3,13,27,36,45,48,1,1
23/12/2015,4,12,17,24,31,49,38,4
22/12/2015,5,6,8,23,36,42,48,7
21/12/2015,6,12,16,19,28,32,14,4
19/12/2015,16,20,27,32,33,47,39,1
18/12/2015,1,14,15,29,34,49,20,9
17/12/2015,3,8,24,40,46,48,49,2
16/12/2015,16,19,27,31,43,49,38,8
15/12/2015,18,28,36,38,42,48,46,1
14/12/2015,5,9,10,20,31,43,47,5
12/12/2015,2,26,30,39,40,47,11,8
11/12/2015,2,18,23,37,45,47,3,4
10/12/2015,4,13,30,34,42,43,22,7
9/12/2015,7,8,32,42,45,46,9,2
8/12/2015,20,32,36,45,48,49,23,6
7/12/2015,6,11,13,22,32,41,3,2
5/12/2015,3,15,23,27,35,38,42,5
4/12/2015,12,16,24,32,38,44,20,0
3/12/2015,4,12,16,17,45,46,39,3
2/12/2015,5,12,14,17,24,43,7,2
1/12/2015,8,11,19,22,30,36,26,6
30/11/2015,4,6,24,26,36,39,9,9
28/11/2015,3,8,10,34,44,48,28,7
27/11/2015,3,7,9,20,32,46,10,0
26/11/2015,5,25,26,28,43,45,35,1
25/11/2015,19,21,22,23,30,42,6,8
24/11/2015,11,13,20,23,24,48,25,7
23/11/2015,20,21,23,31,46,48,40,4
21/11/2015,4,13,21,24,42,43,14,3
20/11/2015,15,37,41,43,46,48,17,8
19/11/2015,2,12,23,32,45,48,6,7
18/11/2015,1,15,35,39,47,48,7,7
17/11/2015,2,6,8,35,37,40,27,9
16/11/2015,2,5,19,32,36,42,41,2
14/11/2015,2,13,22,29,34,45,15,0
13/11/2015,4,18,25,40,43,49,41,8
12/11/2015,3,10,32,33,35,38,40,4
11/11/2015,6,14,32,37,44,49,10,0
10/11/2015,7,15,16,23,29,48,11,5
9/11/2015,28,35,41,45,46,47,14,5
7/11/2015,2,8,14,16,33,48,9,2
6/11/2015,6,11,17,24,28,31,33,9
5/11/2015,5,34,37,38,45,46,4,3
4/11/2015,5,10,13,19,20,34,21,3
3/11/2015,2,8,11,16,17,42,40,7
2/11/2015,11,13,16,19,29,49,46,6
31/10/2015,2,5,12,22,33,43,16,2
30/10/2015,8,25,29,33,44,46,1,4
29/10/2015,4,12,15,24,25,47,46,2
28/10/2015,14,19,25,26,27,28,24,3
27/10/2015,9,12,19,20,31,45,33,5
26/10/2015,4,14,15,36,41,43,16,9
24/10/2015,14,19,20,22,32,44,16,9
23/10/2015,4,6,11,22,34,46,35,5
22/10/2015,4,7,10,14,22,28,30,2
21/10/2015,2,17,20,24,29,34,23,8
20/10/2015,13,16,19,21,34,41,8,2
19/10/2015,1,10,16,18,23,32,2,5
17/10/2015,1,12,19,25,42,48,46,2
16/10/2015,3,14,17,25,27,38,10,2
15/10/2015,25,26,35,39,40,47,23,3
14/10/2015,1,6,29,34,36,40,9,3
13/10/2015,11,19,32,35,39,44,22,1
12/10/2015,8,16,24,42,45,47,7,2
10/10/2015,9,13,16,33,41,48,10,0
9/10/2015,2,5,8,9,14,17,15,7
8/10/2015,1,2,5,12,17,43,7,6
7/10/2015,4,18,19,28,38,41,39,1
6/10/2015,3,13,20,25,36,46,49,3
5/10/2015,1,3,7,23,28,40,12,3
3/10/2015,3,4,12,20,25,32,48,1
2/10/2015,7,17,24,26,28,39,35,0
1/10/2015,6,10,18,20,40,41,22,2
30/09/2015,2,7,8,16,17,38,15,0
29/09/2015,14,17,22,36,47,49,43,7
28/09/2015,9,10,32,33,39,42,24,5
26/09/2015,3,8,12,24,46,47,26,7
25/09/2015,1,2,21,30,37,41,9,8
24/09/2015,5,6,8,19,38,47,22,2
23/09/2015,1,9,14,19,33,47,20,7
22/09/2015,14,25,27,28,43,47,12,3
21/09/2015,7,10,24,27,41,42,19,2
19/09/2015,10,24,25,38,44,46,15,0
18/09/2015,3,7,15,16,40,47,38,8
17/09/2015,1,21,23,37,44,46,41,9
16/09/2015,1,8,28,34,35,36,43,3
15/09/2015,16,17,18,32,33,36,20,3
14/09/2015,28,31,33,36,40,45,18,7
12/09/2015,6,9,31,33,37,45,38,0
11/09/2015,13,17,22,23,33,36,3,1
10/09/2015,1,7,30,36,38,41,25,4
9/09/2015,11,17,19,25,38,42,48,6
8/09/2015,5,7,12,19,23,24,2,3
7/09/2015,5,8,12,31,44,49,27,6
5/09/2015,3,4,7,17,28,49,24,9
4/09/2015,3,16,19,29,30,48,15,4
3/09/2015,1,6,10,17,19,36,5,0
2/09/2015,1,6,32,37,46,49,34,8
1/09/2015,1,9,24,41,42,46,37,5
31/08/2015,3,9,12,24,31,37,49,2
29/08/2015,1,18,22,24,25,32,4,3
28/08/2015,7,14,18,19,28,36,30,0
27/08/2015,4,10,21,25,28,48,1,4
26/08/2015,4,19,29,34,38,42,33,8
25/08/2015,8,9,14,15,30,32,18,5
24/08/2015,5,11,24,26,30,40,37,7
22/08/2015,9,10,17,26,29,31,41,8
21/08/2015,2,8,12,20,35,42,19,0
20/08/2015,12,15,20,23,38,45,35,2
19/08/2015,21,25,27,34,40,47,32,5
18/08/2015,1,21,23,32,38,47,39,7
17/08/2015,1,2,12,20,38,46,17,4
15/08/2015,4,6,38,39,41,46,17,5
14/08/2015,13,24,31,40,42,47,18,3
13/08/2015,1,16,19,20,33,47,36,6
12/08/2015,15,25,34,43,44,49,32,2
11/08/2015,33,35,36,39,43,49,28,0
10/08/2015,2,14,21,33,40,48,39,1
8/08/2015,2,7,18,21,27,49,42,5
7/08/2015,5,8,9,12,18,48,4,8
6/08/2015,4,11,35,36,43,44,21,3
5/08/2015,5,7,25,35,40,47,18,6
4/08/2015,6,10,30,31,36,42,12,0
3/08/2015,1,6,11,31,33,34,30,4
1/08/2015,18,32,34,40,41,42,15,8
31/07/2015,2,13,14,29,31,43,36,1
30/07/2015,3,10,15,21,41,47,37,5
29/07/2015,5,11,12,18,29,47,3,9
28/07/2015,13,14,16,26,34,44,11,8
27/07/2015,4,15,16,26,32,42,25,8
25/07/2015,5,14,27,29,31,43,24,0
24/07/2015,10,15,23,33,38,47,1,2
23/07/2015,12,16,34,40,43,45,30,2
22/07/2015,7,12,17,22,23,39,42,9
21/07/2015,3,6,22,32,33,45,41,4
20/07/2015,3,8,17,24,25,26,9,9
18/07/2015,1,20,24,29,44,46,33,6
17/07/2015,16,18,23,26,36,43,8,5
16/07/2015,1,5,13,22,25,26,34,2
15/07/2015,6,8,21,29,41,48,4,3
14/07/2015,12,18,22,30,37,40,29,5
13/07/2015,3,25,28,31,40,49,7,5
11/07/2015,14,23,26,36,38,48,6,1
10/07/2015,17,19,21,35,37,41,26,2
9/07/2015,3,16,42,44,45,48,36,0
8/07/2015,3,5,6,11,21,44,47,9
7/07/2015,2,12,14,26,33,42,29,2
6/07/2015,14,15,18,24,25,35,2,0
4/07/2015,7,19,26,28,30,39,23,4
3/07/2015,6,7,16,35,37,47,42,2
2/07/2015,6,7,18,21,27,47,33,0
1/07/2015,3,24,25,28,34,41,6,3
30/06/2015,3,4,10,26,37,44,27,2
29/06/2015,8,9,20,36,41,42,2,9
27/06/2015,18,26,31,41,42,44,10,6
26/06/2015,7,24,30,38,46,48,16,8
25/06/2015,19,24,27,38,45,47,41,7
24/06/2015,9,18,38,39,43,45,22,5
23/06/2015,3,12,25,34,41,43,20,5
22/06/2015,5,6,7,16,19,34,43,0
20/06/2015,7,11,24,28,33,35,16,7
19/06/2015,10,15,29,42,44,48,1,1
18/06/2015,19,25,30,31,40,43,24,4
17/06/2015,3,6,15,24,27,43,13,7
16/06/2015,12,21,22,23,29,47,24,2
15/06/2015,1,33,37,38,43,49,11,9
13/06/2015,1,2,12,13,21,42,45,3
12/06/2015,4,7,15,17,22,41,5,4
11/06/2015,7,11,13,20,25,42,28,2
10/06/2015,1,12,15,31,40,42,34,8
9/06/2015,1,5,26,34,42,47,13,8
8/06/2015,8,13,24,31,40,43,21,0
6/06/2015,6,12,24,28,32,49,7,7
5/06/2015,26,28,30,31,35,43,39,9
4/06/2015,8,12,24,30,35,45,14,0
3/06/2015,5,10,11,20,36,38,9,6
2/06/2015,7,19,26,27,35,49,41,2
1/06/2015,4,28,30,31,36,43,15,3
30/05/2015,1,12,17,37,41,45,14,6
29/05/2015,3,7,10,15,25,27,43,4
28/05/2015,13,20,29,31,40,41,38,6
27/05/2015,10,11,15,17,42,44,40,9
26/05/2015,1,4,17,19,44,46,39,4
25/05/2015,8,10,13,16,24,40,42,9
23/05/2015,3,5,20,42,48,49,17,8
22/05/2015,13,14,18,21,31,34,5,1
21/05/2015,5,24,36,39,42,49,19,8
20/05/2015,3,8,11,26,39,43,28,8
19/05/2015,5,10,12,23,24,31,28,7
18/05/2015,1,8,15,21,22,48,4,4
16/05/2015,7,15,16,19,32,48,10,6
15/05/2015,2,16,22,26,33,39,35,2
14/05/2015,11,13,15,24,26,45,25,8
13/05/2015,7,18,23,29,38,43,42,7
12/05/2015,1,10,22,40,44,49,37,8
11/05/2015,3,19,22,24,38,45,37,7
9/05/2015,16,27,29,34,38,43,1,8
8/05/2015,4,6,10,20,31,32,35,4
7/05/2015,2,7,17,28,32,39,3,3
6/05/2015,3,8,10,33,37,47,17,0
5/05/2015,3,13,14,17,34,38,43,4
4/05/2015,3,7,12,27,28,30,8,0
2/05/2015,7,8,11,20,43,44,35,4
1/05/2015,2,7,36,39,41,43,49,3
30/04/2015,6,12,21,33,38,46,28,1
29/04/2015,15,24,25,27,47,48,33,5
28/04/2015,3,6,8,27,36,47,32,5
27/04/2015,1,6,9,13,24,25,41,5
25/04/2015,1,9,22,23,42,46,37,7
24/04/2015,21,27,36,42,43,49,41,3
23/04/2015,8,11,16,22,26,32,48,5
22/04/2015,2,15,20,30,33,38,39,6
21/04/2015,11,21,23,30,35,40,48,0
20/04/2015,21,33,35,38,42,43,15,5
18/04/2015,23,33,34,38,39,41,11,0
17/04/2015,1,14,20,24,27,46,45,8
16/04/2015,14,16,23,26,33,44,30,7
15/04/2015,10,27,29,35,39,48,26,6
14/04/2015,2,17,24,26,36,38,7,4
13/04/2015,3,10,13,33,36,49,42,9
11/04/2015,3,5,11,21,22,37,2,9
10/04/2015,2,6,16,35,36,44,28,2
9/04/2015,1,17,31,38,41,47,39,7
8/04/2015,15,18,20,25,41,46,45,5
7/04/2015,17,21,30,32,45,49,3,0
6/04/2015,5,18,26,38,39,47,41,5
4/04/2015,18,26,33,38,39,42,22,1
3/04/2015,11,16,26,41,43,44,45,0
2/04/2015,4,12,18,21,29,39,23,6
1/04/2015,6,9,15,17,24,31,25,7
31/03/2015,6,24,27,37,38,45,12,5
30/03/2015,2,3,10,31,47,48,34,8
28/03/2015,6,8,14,26,42,46,34,5
27/03/2015,5,8,23,40,42,49,35,8
26/03/2015,12,25,28,35,38,42,49,2
25/03/2015,6,13,15,18,22,37,2,0
24/03/2015,6,9,11,15,28,43,42,4
23/03/2015,1,3,4,14,16,37,34,0
20/03/2015,16,23,29,38,40,45,47,7
18/03/2015,2,14,19,32,41,45,16,1
17/03/2015,4,8,23,27,36,40,44,6
16/03/2015,9,14,27,28,32,41,30,0
13/03/2015,8,9,12,15,43,44,41,0
11/03/2015,8,10,13,15,33,35,31,7
10/03/2015,4,10,11,21,36,43,14,9
9/03/2015,5,24,30,39,42,49,8,8
6/03/2015,4,6,10,19,25,26,2,2
4/03/2015,5,18,20,22,27,34,1,0
3/03/2015,11,13,23,28,36,45,2,2
2/03/2015,2,26,34,36,38,47,12,5
27/02/2015,7,13,22,28,40,46,34,7
25/02/2015,4,13,14,29,33,41,15,0
24/02/2015,9,36,43,44,45,46,16,8
23/02/2015,2,5,6,38,39,48,7,3
20/02/2015,3,6,24,25,29,32,30,6
18/02/2015,22,27,28,38,43,44,17,8
17/02/2015,20,32,36,41,47,49,4,6
16/02/2015,3,18,30,32,33,35,42,2
13/02/2015,5,7,10,16,24,33,44,9
11/02/2015,25,28,35,38,39,42,11,1
10/02/2015,2,3,24,30,38,45,31,1
9/02/2015,1,6,20,23,37,40,39,3
6/02/2015,1,9,12,19,22,31,14,5
4/02/2015,1,41,43,45,47,49,39,2
3/02/2015,7,12,22,33,34,39,21,6
2/02/2015,18,25,29,33,38,42,10,8
30/01/2015,1,3,5,16,26,42,32,9
28/01/2015,1,5,26,31,41,47,17,4
27/01/2015,7,15,25,29,30,43,3,2
26/01/2015,7,22,25,27,33,49,28,5
23/01/2015,5,12,15,16,31,37,42,2
21/01/2015,5,18,26,28,33,37,8,0
20/01/2015,17,20,22,26,38,41,42,0
19/01/2015,7,17,18,23,27,47,42,5
16/01/2015,5,25,34,40,42,43,4,1
14/01/2015,4,13,14,17,21,29,1,3
13/01/2015,7,8,9,26,27,43,45,1
12/01/2015,1,12,26,31,41,46,15,0
9/01/2015,2,20,22,33,37,39,41,4
7/01/2015,7,10,12,36,37,45,42,6
6/01/2015,5,16,31,32,33,47,41,9
5/01/2015,1,13,17,18,32,35,36,2
2/01/2015,7,26,35,39,48,49,27,2
31/12/2014,5,7,15,27,40,45,32,6
30/12/2014,7,10,15,17,20,25,39,9
29/12/2014,3,16,21,22,38,47,10,0
26/12/2014,1,4,12,30,32,36,5,4
24/12/2014,1,4,6,30,34,39,12,3
23/12/2014,1,9,12,14,44,47,32,7
22/12/2014,6,8,16,26,39,47,36,8
19/12/2014,12,23,26,28,29,40,21,6
17/12/2014,12,35,36,40,43,46,23,7
16/12/2014,2,3,10,27,32,35,29,8
15/12/2014,6,8,9,16,17,37,44,2
12/12/2014,1,10,24,37,47,49,43,5
10/12/2014,1,10,14,31,33,44,29,5
9/12/2014,3,6,16,20,44,46,26,2
8/12/2014,10,23,28,42,45,47,40,5
5/12/2014,3,7,13,16,31,49,25,7
3/12/2014,13,23,33,35,39,47,14,2
2/12/2014,4,11,31,32,35,49,14,6
1/12/2014,16,18,25,42,46,48,19,4
28/11/2014,3,5,14,28,33,39,49,0
26/11/2014,5,11,13,27,29,35,49,7
25/11/2014,9,18,20,22,37,48,35,3
24/11/2014,1,10,15,26,38,47,16,7
21/11/2014,4,14,18,19,27,47,48,0
19/11/2014,5,7,14,25,28,34,16,2
18/11/2014,3,12,14,26,32,37,21,5
17/11/2014,4,7,25,36,45,46,20,6
14/11/2014,10,12,20,24,39,46,31,4
12/11/2014,20,24,28,35,38,39,46,6
11/11/2014,2,6,13,19,25,47,39,0
10/11/2014,1,3,4,10,25,38,30,9
7/11/2014,3,9,14,15,34,44,7,5
5/11/2014,14,24,28,45,46,48,31,7
4/11/2014,2,4,16,18,42,46,14,1
3/11/2014,7,13,15,22,26,30,41,2
31/10/2014,3,10,13,14,22,36,20,8
29/10/2014,12,21,33,35,39,47,36,1
28/10/2014,4,12,13,35,43,49,15,5
27/10/2014,1,9,26,28,41,44,33,7
24/10/2014,5,6,13,22,38,44,1,7
22/10/2014,3,8,33,36,37,42,24,1
21/10/2014,6,10,19,22,44,48,14,7
20/10/2014,6,9,15,29,36,37,8,9
17/10/2014,1,18,19,24,43,44,4,9
15/10/2014,4,10,25,27,29,49,11,8
14/10/2014,1,5,27,37,38,44,39,0
13/10/2014,6,17,19,28,37,44,41,6
10/10/2014,5,18,21,25,36,43,6,5
8/10/2014,1,2,12,20,21,36,48,0
7/10/2014,12,14,16,17,27,35,18,6
6/10/2014,1,2,11,24,43,48,14,7
3/10/2014,3,16,41,42,47,48,20,2
1/10/2014,3,5,24,28,37,40,35,4
30/09/2014,5,12,13,14,18,34,44,0
29/09/2014,6,11,16,22,27,28,45,1
26/09/2014,11,18,20,27,42,44,24,7
24/09/2014,10,16,23,42,44,47,45,5
23/09/2014,13,17,29,30,36,41,44,0
22/09/2014,1,4,11,17,22,31,49,6
19/09/2014,19,22,27,29,33,46,35,9
17/09/2014,1,7,8,20,23,39,46,2
16/09/2014,22,26,32,36,41,44,17,7
15/09/2014,1,7,22,38,41,44,35,4
12/09/2014,7,13,22,29,39,45,40,9
10/09/2014,11,30,31,33,40,43,29,8
9/09/2014,7,10,20,37,38,46,31,6
8/09/2014,8,15,28,41,46,48,7,8
5/09/2014,4,18,20,22,36,38,45,4
3/09/2014,14,21,23,27,28,47,9,4
2/09/2014,7,10,26,30,32,39,21,6
1/09/2014,3,10,33,36,38,39,20,5
29/08/2014,9,16,22,37,39,49,40,3
27/08/2014,11,19,25,35,43,48,17,4
26/08/2014,11,18,19,25,43,49,45,4
25/08/2014,1,5,40,42,46,47,38,9
22/08/2014,3,5,9,12,22,25,4,2
20/08/2014,6,13,16,28,41,44,45,4
19/08/2014,5,13,14,29,30,41,42,7
18/08/2014,6,16,25,27,46,49,44,3
15/08/2014,11,16,20,24,34,35,38,4
13/08/2014,6,17,22,23,25,30,7,8
12/08/2014,24,28,34,37,39,42,45,5
11/08/2014,2,3,25,37,45,49,38,9
8/08/2014,10,32,40,44,45,49,48,4
6/08/2014,5,10,20,36,42,43,19,8
5/08/2014,15,26,31,32,33,42,49,8
4/08/2014,6,7,12,40,42,48,30,7
1/08/2014,8,11,20,31,33,45,34,2
30/07/2014,7,11,28,37,43,49,15,5
29/07/2014,2,17,38,40,41,44,23,1
28/07/2014,16,17,30,38,40,46,33,2
25/07/2014,6,16,26,39,40,44,5,8
23/07/2014,1,10,22,40,44,46,20,3
22/07/2014,4,16,17,19,38,46,18,5
21/07/2014,1,17,18,21,33,43,30,4
18/07/2014,8,12,21,22,39,43,1,1
16/07/2014,5,16,19,25,48,49,18,9
15/07/2014,2,11,15,25,36,44,33,0
14/07/2014,9,21,27,30,41,43,22,7
11/07/2014,12,15,18,19,24,42,6,4
9/07/2014,1,6,7,9,14,23,19,1
8/07/2014,4,7,14,33,40,46,35,7
7/07/2014,11,19,29,32,35,47,6,7
4/07/2014,12,17,22,35,37,44,13,9
2/07/2014,2,9,26,36,39,41,28,3
1/07/2014,3,21,29,33,39,45,19,0
30/06/2014,4,26,32,36,39,45,40,9
27/06/2014,8,23,24,27,28,32,48,0
25/06/2014,1,8,16,27,31,38,45,8
24/06/2014,5,9,23,24,42,49,12,1
23/06/2014,7,12,16,20,30,39,44,2
20/06/2014,5,8,33,38,42,48,21,7
18/06/2014,1,18,36,37,38,43,30,0
17/06/2014,10,16,17,19,22,36,33,8
16/06/2014,19,26,42,43,44,46,15,7
13/06/2014,8,27,34,36,38,39,20,5
11/06/2014,8,16,19,22,25,47,21,7
10/06/2014,1,3,10,32,33,48,46,9
9/06/2014,1,14,30,36,38,42,29,0
6/06/2014,12,18,22,26,31,37,9,6
4/06/2014,2,7,14,25,37,48,10,2
3/06/2014,22,23,30,33,35,41,20,8
2/06/2014,7,32,36,44,47,49,43,3
30/05/2014,7,25,26,27,31,44,45,9
28/05/2014,4,11,12,18,22,33,34,8
27/05/2014,1,10,33,34,35,47,38,1
26/05/2014,10,16,30,32,43,48,9,1
23/05/2014,12,13,20,35,37,48,1,4
21/05/2014,18,22,27,30,43,45,37,5
20/05/2014,6,8,17,36,38,47,14,5
19/05/2014,1,3,8,11,14,48,27,7
16/05/2014,13,15,26,27,28,40,45,1
14/05/2014,19,20,24,33,39,46,42,6
13/05/2014,5,11,28,33,34,41,44,4
12/05/2014,1,3,24,31,34,44,20,4
9/05/2014,6,10,19,20,42,46,14,3
7/05/2014,5,10,18,32,37,42,29,1
6/05/2014,1,14,38,39,42,44,18,6
5/05/2014,1,4,9,23,43,44,31,4
2/05/2014,8,15,27,35,40,44,30,5
30/04/2014,4,23,24,25,29,39,14,5
29/04/2014,1,3,6,10,11,25,43,1
28/04/2014,8,10,11,28,32,39,17,7
25/04/2014,2,15,36,38,42,44,14,0
23/04/2014,5,6,20,31,39,40,1,3
22/04/2014,14,15,17,18,20,32,35,3
21/04/2014,2,22,30,38,47,49,43,8
18/04/2014,14,19,24,28,29,37,35,0
16/04/2014,13,19,27,35,38,39,31,0
15/04/2014,5,6,21,30,36,43,7,8
14/04/2014,8,10,19,22,34,47,9,8
11/04/2014,1,13,30,31,34,45,23,1
9/04/2014,5,18,31,34,42,46,7,0
8/04/2014,1,6,15,30,33,42,41,1
7/04/2014,7,20,25,34,36,41,15,7
4/04/2014,9,21,27,28,36,49,25,6
2/04/2014,5,8,15,25,28,45,44,2
1/04/2014,1,5,8,12,19,27,22,6
31/03/2014,7,16,17,26,35,47,25,4
28/03/2014,13,26,27,31,33,45,2,0
26/03/2014,1,20,23,37,44,48,45,3
25/03/2014,5,31,34,36,42,47,10,3
24/03/2014,7,9,21,30,34,38,24,6
21/03/2014,3,10,25,36,41,48,2,2
19/03/2014,5,7,26,33,36,44,8,0
18/03/2014,3,14,15,32,36,49,48,0
17/03/2014,9,13,24,39,47,49,29,0
14/03/2014,4,21,35,38,41,44,22,9
12/03/2014,1,9,18,24,30,40,48,3
11/03/2014,7,9,19,24,42,47,35,8
10/03/2014,3,12,15,25,37,43,29,2
7/03/2014,13,19,31,41,44,47,1,8
5/03/2014,4,15,17,28,29,39,2,7
4/03/2014,3,5,7,22,34,35,2,1
3/03/2014,10,14,15,25,33,34,29,5
28/02/2014,8,17,18,30,33,34,10,3
26/02/2014,16,26,27,40,43,46,6,4
25/02/2014,3,13,15,18,25,33,10,2
24/02/2014,2,11,29,30,32,45,9,8
21/02/2014,1,15,35,36,37,40,32,1
19/02/2014,18,28,30,31,34,40,12,1
18/02/2014,5,15,29,33,40,42,6,0
17/02/2014,1,3,26,27,30,47,14,6
14/02/2014,21,26,27,30,34,41,39,0
12/02/2014,2,31,35,36,41,44,4,9
11/02/2014,23,24,30,32,37,46,38,2
10/02/2014,2,9,18,19,20,26,14,8
7/02/2014,4,9,25,31,38,41,2,8
5/02/2014,4,9,24,33,37,48,49,6
4/02/2014,18,23,29,30,36,43,28,2
3/02/2014,3,10,34,35,40,42,26,9
31/01/2014,7,8,17,18,29,37,47,9
29/01/2014,26,28,31,34,35,36,33,7
28/01/2014,8,9,21,34,35,41,29,6
27/01/2014,7,28,30,34,43,49,46,5
24/01/2014,12,16,34,45,47,49,22,5
22/01/2014,4,20,25,31,42,43,14,1
21/01/2014,10,12,23,31,40,42,46,4
20/01/2014,20,27,31,32,34,45,49,3
17/01/2014,21,23,25,32,40,43,18,2
15/01/2014,7,11,31,37,38,43,47,2
14/01/2014,15,23,25,29,32,38,48,9
13/01/2014,3,7,20,24,26,46,1,6
10/01/2014,1,12,16,26,32,46,6,6
8/01/2014,7,19,32,36,40,44,23,7
7/01/2014,5,8,22,27,31,35,7,7
6/01/2014,2,3,13,24,30,32,40,5
3/01/2014,5,10,29,44,45,46,31,1
1/01/2014,6,14,36,38,42,48,30,4
31/12/2013,6,19,27,41,45,49,2,9
30/12/2013,7,23,28,30,48,49,26,7
27/12/2013,6,9,31,33,35,38,16,8
25/12/2013,3,10,20,32,36,48,29,9
24/12/2013,4,7,35,42,44,45,19,4
23/12/2013,4,26,34,46,47,48,20,4
20/12/2013,18,23,29,31,42,43,28,0
18/12/2013,1,21,22,24,27,41,4,1
17/12/2013,8,9,20,33,40,49,47,4
16/12/2013,9,13,14,33,38,39,34,0
13/12/2013,8,16,18,21,31,47,4,5
11/12/2013,5,13,22,25,40,44,32,9
10/12/2013,9,11,12,16,31,40,33,1
9/12/2013,3,4,9,19,33,42,10,9
6/12/2013,2,7,12,16,17,36,3,4
4/12/2013,3,19,34,35,45,49,29,2
3/12/2013,3,19,20,29,31,49,40,4
2/12/2013,6,10,23,29,38,43,14,9
29/11/2013,7,13,15,33,38,40,18,6
27/11/2013,5,18,23,29,35,44,37,3
26/11/2013,14,35,36,42,43,48,7,6
25/11/2013,1,21,25,28,40,49,9,3
22/11/2013,2,4,9,17,18,44,46,3
20/11/2013,3,14,21,35,36,42,39,2
19/11/2013,3,10,19,31,34,40,35,4
18/11/2013,27,28,35,41,42,48,47,0
15/11/2013,7,8,9,11,13,29,41,9
13/11/2013,16,20,35,42,46,49,19,7
12/11/2013,1,22,24,26,27,36,38,7
11/11/2013,7,11,12,13,20,32,10,1
8/11/2013,14,19,20,22,27,28,11,4
6/11/2013,4,9,10,15,40,49,32,4
5/11/2013,2,5,23,27,40,41,11,1
4/11/2013,14,17,18,22,39,40,46,2
1/11/2013,1,2,13,43,46,47,25,2
30/10/2013,12,20,24,37,46,48,13,3
29/10/2013,10,16,30,33,38,43,41,6
28/10/2013,15,20,28,34,41,45,3,9
25/10/2013,10,11,12,21,28,30,46,8
23/10/2013,4,13,15,25,34,37,17,5
22/10/2013,20,31,34,38,41,49,25,1
21/10/2013,9,28,29,38,44,47,13,5
18/10/2013,10,12,19,22,35,42,5,4
16/10/2013,14,25,31,32,39,45,30,7
15/10/2013,16,27,29,30,40,41,49,2
14/10/2013,15,18,20,29,40,49,27,5
11/10/2013,2,6,11,29,34,43,9,4
9/10/2013,3,6,9,33,34,44,27,6
8/10/2013,2,14,24,30,31,45,43,9
7/10/2013,16,22,27,44,47,49,10,1
4/10/2013,10,25,34,42,45,46,14,7
2/10/2013,22,26,27,29,45,48,21,2
1/10/2013,2,19,23,30,32,38,11,8
30/09/2013,5,11,16,18,28,34,13,4
27/09/2013,9,17,19,37,42,45,6,6
25/09/2013,7,9,12,17,41,42,40,4
24/09/2013,10,13,23,37,41,48,5,8
23/09/2013,11,28,30,35,39,48,13,8
20/09/2013,1,11,16,23,39,48,32,9
18/09/2013,2,22,23,29,39,44,38,3
17/09/2013,3,17,29,35,37,38,23,4
16/09/2013,5,35,39,42,43,49,3,5
13/09/2013,3,11,18,43,46,47,13,7
11/09/2013,3,4,26,32,36,38,22,2
10/09/2013,14,19,20,21,36,44,31,0
9/09/2013,6,12,15,25,39,41,45,9
6/09/2013,13,18,23,28,35,47,3,9
4/09/2013,1,4,15,30,36,45,44,9
3/09/2013,7,13,15,18,36,43,28,1
2/09/2013,9,15,16,19,37,39,46,6
30/08/2013,9,11,29,38,47,49,26,4
28/08/2013,4,22,24,28,35,37,46,3
27/08/2013,4,7,10,12,32,48,13,3
26/08/2013,2,3,12,29,32,37,26,6
23/08/2013,5,14,21,25,27,31,45,9
21/08/2013,1,5,12,14,24,42,31,3
20/08/2013,10,16,31,34,43,46,17,2
19/08/2013,5,7,15,24,41,45,40,3
16/08/2013,13,15,18,35,39,46,28,0
14/08/2013,4,5,19,30,40,44,13,8
13/08/2013,11,12,30,37,38,47,40,1
12/08/2013,21,27,30,35,42,45,14,7
9/08/2013,5,11,18,28,36,47,16,4
7/08/2013,6,21,23,25,28,36,14,6
6/08/2013,18,24,26,27,36,41,1,3
5/08/2013,10,13,16,17,30,37,28,2
2/08/2013,15,24,35,38,39,44,31,1
31/07/2013,8,18,31,39,47,49,5,9
30/07/2013,1,26,33,43,48,49,41,9
29/07/2013,15,34,37,44,46,47,6,8
26/07/2013,2,3,6,7,23,42,30,1
24/07/2013,2,7,8,11,20,37,6,8
23/07/2013,1,11,12,22,34,46,24,1
22/07/2013,4,7,9,12,15,34,24,2
19/07/2013,3,19,29,38,43,46,18,5
17/07/2013,20,22,26,35,39,46,34,8
16/07/2013,1,9,18,29,33,43,5,2
15/07/2013,2,11,22,26,36,37,42,8
12/07/2013,21,22,27,30,31,40,18,6
10/07/2013,6,21,26,28,30,40,3,2
9/07/2013,16,18,33,34,39,42,4,8
8/07/2013,1,17,19,45,46,47,7,0
5/07/2013,27,30,36,38,48,49,37,6
3/07/2013,6,9,21,26,44,47,39,2
2/07/2013,2,9,22,24,33,44,19,4
1/07/2013,4,9,11,33,36,49,2,9
28/06/2013,18,20,24,26,29,36,15,1
26/06/2013,1,2,8,18,31,43,12,7
25/06/2013,10,16,19,37,47,49,20,1
24/06/2013,3,7,13,19,32,37,2,9
21/06/2013,2,6,13,18,22,26,25,7
19/06/2013,11,23,31,44,46,48,41,5
18/06/2013,3,22,34,35,41,45,27,5
17/06/2013,16,23,33,34,42,48,20,6
14/06/2013,7,11,13,23,47,49,33,6
12/06/2013,5,7,17,22,31,39,1,9
11/06/2013,11,15,24,26,32,42,6,4
10/06/2013,21,31,35,42,44,48,19,5
7/06/2013,4,5,17,25,43,46,21,7
5/06/2013,14,18,35,36,37,39,5,4
4/06/2013,9,11,24,30,39,42,22,2
3/06/2013,3,19,30,34,36,41,21,7
31/05/2013,9,15,17,20,29,31,28,5
29/05/2013,6,7,13,40,44,49,8,4
28/05/2013,11,21,24,28,43,44,38,6
27/05/2013,13,20,22,24,25,31,1,5
24/05/2013,18,19,20,27,28,40,30,0
22/05/2013,9,10,12,16,28,42,45,5
21/05/2013,14,26,27,30,31,49,10,2
20/05/2013,2,3,19,26,37,45,25,1
17/05/2013,8,25,28,35,37,48,9,0
15/05/2013,1,9,15,26,27,44,8,4
14/05/2013,1,3,4,18,36,45,6,2
13/05/2013,11,14,27,29,33,34,12,9
10/05/2013,11,14,18,28,35,45,40,6
8/05/2013,2,9,16,22,23,39,40,5
7/05/2013,2,14,18,28,38,39,24,9
6/05/2013,1,5,9,14,18,35,24,5
3/05/2013,5,10,17,21,32,36,39,3
1/05/2013,2,3,31,34,37,39,11,4
30/04/2013,4,11,16,29,38,46,18,8
29/04/2013,2,4,6,33,43,49,1,0
26/04/2013,3,13,19,26,40,44,5,0
24/04/2013,2,4,8,27,36,48,34,6
23/04/2013,2,18,31,33,38,47,22,4
22/04/2013,9,15,20,32,38,47,36,2
19/04/2013,10,12,15,27,40,43,8,7
17/04/2013,7,8,23,29,33,42,39,3
16/04/2013,1,4,11,23,30,38,21,8
15/04/2013,5,7,20,29,37,39,27,0
12/04/2013,9,20,21,28,30,44,24,5
10/04/2013,11,18,31,32,33,42,23,8
9/04/2013,9,11,16,26,42,48,2,5
8/04/2013,4,5,24,30,39,43,33,4
5/04/2013,16,20,30,31,36,38,5,8
3/04/2013,8,13,17,26,42,45,1,8
2/04/2013,12,14,20,27,30,38,45,0
1/04/2013,8,16,21,24,42,49,11,7
29/03/2013,13,19,25,26,39,43,14,8
27/03/2013,7,17,19,30,32,36,37,0
26/03/2013,1,18,25,27,36,40,12,7
25/03/2013,3,5,24,25,28,45,48,5
22/03/2013,22,23,27,30,38,46,5,9
20/03/2013,7,17,23,26,37,39,35,4
19/03/2013,10,15,23,28,42,47,40,5
18/03/2013,5,7,25,30,31,34,43,7
15/03/2013,14,20,33,41,45,48,2,7
13/03/2013,11,12,28,29,42,45,47,7
12/03/2013,2,23,24,27,31,34,48,2
11/03/2013,14,20,26,27,31,44,13,8
8/03/2013,4,8,12,14,45,48,47,6
6/03/2013,10,13,34,42,44,49,4,5
5/03/2013,6,16,20,24,35,38,40,3
4/03/2013,3,9,12,18,39,47,45,7
1/03/2013,3,6,8,14,33,42,9,2
27/02/2013,4,8,12,14,18,20,39,0
26/02/2013,4,5,19,29,34,43,7,0
25/02/2013,4,5,9,16,31,38,23,3
22/02/2013,10,19,22,32,35,48,28,6
20/02/2013,1,28,29,30,32,47,9,9
19/02/2013,5,8,33,34,39,49,11,7
18/02/2013,1,9,13,35,43,48,11,2
15/02/2013,9,13,15,45,47,49,41,4
13/02/2013,4,5,6,15,23,36,27,8
12/02/2013,1,17,30,31,39,46,15,4
11/02/2013,2,10,13,20,25,42,30,3
8/02/2013,1,12,22,24,37,42,43,3
6/02/2013,1,4,6,9,19,41,35,8
5/02/2013,6,7,13,15,25,46,43,0
4/02/2013,10,14,26,27,28,36,5,7
1/02/2013,2,3,20,22,28,41,29,5
30/01/2013,11,17,21,25,29,30,40,9
29/01/2013,14,23,32,39,41,49,9,7
28/01/2013,5,9,24,25,34,40,46,2
25/01/2013,12,15,26,37,38,40,49,4
23/01/2013,19,26,32,33,34,49,8,7
22/01/2013,1,2,16,23,27,48,46,5
21/01/2013,2,4,15,26,31,49,6,2
18/01/2013,6,12,21,35,38,48,34,6
16/01/2013,10,15,16,19,28,43,11,0
15/01/2013,1,2,4,22,31,43,25,0
14/01/2013,7,9,17,26,42,48,19,6
11/01/2013,13,23,24,32,38,42,28,9
9/01/2013,1,25,43,46,47,49,23,9
8/01/2013,4,11,22,25,46,47,6,3
7/01/2013,13,15,30,35,36,43,5,2
4/01/2013,5,6,19,28,34,39,16,4
2/01/2013,7,10,11,32,33,41,9,3
1/01/2013,10,16,19,23,24,36,47,4
